,count,mean,std,min,25%,50%,75%,max,range,variance
mfcc_s1_1_mean,1489.0,-185.27764376218937,76.86805640891706,-428.83548,-236.80167,-175.31804,-128.34505,0.8322941,429.66777410000003,5908.698096084454
mfcc_s1_1_std,1489.0,64.39137556591857,37.39529770352462,0.0,36.16751,57.71612,89.34624,194.96367,194.96367,1398.408290335234
mfcc_s1_2_mean,1489.0,41.85477362750168,46.03305227161999,-93.14747,18.600481,47.84856,75.67998,135.08875,228.23622,2119.041901441698
mfcc_s1_2_std,1489.0,20.642818513901947,11.662758600989836,0.0,11.417812,18.119242,27.097282,63.137997,63.137997,136.0199381849624
mfcc_s1_3_mean,1489.0,-23.526115860758896,23.329940097628594,-100.998535,-38.620842,-22.533022,-7.27504,44.062958,145.061493,544.2861049589385
mfcc_s1_3_std,1489.0,15.442925813096037,8.160143978025774,0.0,9.510176,14.01933,19.481754,44.641438,44.641438,66.58794974211031
mfcc_s1_4_mean,1489.0,4.4832253301168565,16.991367250263895,-49.534855,-8.508559,3.614713,15.520842,62.265938,111.800793,288.70656103334045
mfcc_s1_4_std,1489.0,9.163428833915379,4.2560593692467705,0.0,6.1268177,8.452358,11.301429,30.926922,30.926922,18.114041354553216
mfcc_s1_5_mean,1489.0,-6.378241689673606,11.158570687219598,-50.161507,-12.723085,-5.4135923,0.83875054,36.934937,87.09644399999999,124.51369978167646
mfcc_s1_5_std,1489.0,7.633628298992612,3.6088012477432576,0.0,5.1110573,6.7089205,9.348373,30.701126,30.701126,13.023446445713292
mfcc_s1_6_mean,1489.0,1.6381018218710546,10.705416214176948,-28.409525,-5.274065,1.7961344,8.2393675,40.39852,68.80804499999999,114.6059363187627
mfcc_s1_6_std,1489.0,6.608481724647414,2.817523975552644,0.0,4.6702976,6.0734153,8.176124,22.524778,22.524778,7.938441352813976
mfcc_s1_7_mean,1489.0,-2.078652923524513,9.722402800024794,-36.092266,-7.926887,-1.8493267,3.8370693,31.067295,67.159561,94.52511620592995
mfcc_s1_7_std,1489.0,6.406472486098052,2.6957890493796963,0.0,4.5213175,5.8338113,7.838351,22.95827,22.95827,7.267278598755486
mfcc_s1_8_mean,1489.0,0.9752440516736065,9.320753430882197,-27.601864,-4.658786,1.1493639,6.662422,46.884293,74.48615699999999,86.87644451930224
mfcc_s1_8_std,1489.0,6.152216101880456,2.7245144228369838,0.0,4.258308,5.5522265,7.3325405,22.031153,22.031153,7.422978840246742
mfcc_s1_9_mean,1489.0,-0.8682836146474143,6.691594397748396,-32.429295,-5.2738705,-0.93248993,3.3917174,23.807951,56.237246,44.77743558397773
mfcc_s1_9_std,1489.0,5.925172377165883,2.4905504156189124,0.0,4.22954,5.381686,7.0285025,18.473522,18.473522,6.202841372739537
mfcc_s1_10_mean,1489.0,-0.020646552692008074,6.887378519842422,-24.702877,-4.066976,-0.23460671,3.682079,28.838734,53.541611,47.4359828755868
mfcc_s1_10_std,1489.0,5.826655832659503,3.0235940296803174,0.0,3.938685,5.057944,6.914618,30.70231,30.70231,9.14212085631846
mfcc_s1_11_mean,1489.0,0.2365954831449295,6.230636473703012,-24.423605,-3.2320535,0.22620685,3.7028325,32.654182,57.077787,38.82083086743831
mfcc_s1_11_std,1489.0,5.644870009536601,2.9870354303884605,0.0,3.682621,4.9210615,6.6379232,24.430262,24.430262,8.922380662395977
mfcc_s1_12_mean,1489.0,0.18537612777578244,6.772466792293116,-33.121544,-3.0187302,0.0,3.697382,35.58145,68.70299399999999,45.86630645271301
mfcc_s1_12_std,1489.0,5.869360438952317,3.7042645880207874,0.0,3.607569,4.7827687,6.7266674,26.856613,26.856613,13.721576138064815
mfcc_s1_13_mean,1489.0,0.824445192209402,6.172244143304458,-20.460232,-2.773697,0.5019504,4.781054,36.194977,56.655209,38.096597764556186
mfcc_s1_13_std,1489.0,5.264867168032236,2.866258671775875,0.0,3.3637607,4.433766,6.272263,25.869171,25.869171,8.215438773530403
mfcc_s2_1_mean,1489.0,-261.33671810745466,110.30189723104492,-625.0328,-351.4232,-246.32878,-174.96199,5.725223,630.758023,12166.508532767995
mfcc_s2_1_std,1489.0,49.53217338486378,43.44374540990335,0.0,6.4456186,44.66442,83.8073,181.8464,181.8464,1887.3590152404984
mfcc_s2_2_mean,1489.0,30.62165591434698,38.049357240494295,-98.8556,0.0,26.664602,57.93718,120.18002,219.03562,1447.7535864147558
mfcc_s2_2_std,1489.0,16.119164557693754,13.914678954272885,0.0,4.3125005,13.727152,25.265715,63.38017,63.38017,193.61829040048477
mfcc_s2_3_mean,1489.0,-13.464061134777536,20.65864351401695,-91.41614,-24.048986,-6.489972,0.0,38.82016,130.2363,426.7795518392346
mfcc_s2_3_std,1489.0,11.41200211882243,9.867339155702808,0.0,3.4619873,9.66258,17.69477,48.46042,48.46042,97.3643820136658
mfcc_s2_4_mean,1489.0,2.9289304383833445,12.806032208969683,-61.528996,-2.2225053,0.0,7.8858852,55.429863,116.95885899999999,163.99446093716892
mfcc_s2_4_std,1489.0,6.548759297678107,5.214446162104809,0.0,2.7519855,6.200419,9.511554,32.78308,32.78308,27.19044877748958
mfcc_s2_5_mean,1489.0,-2.977238257703969,8.961611769745797,-54.113235,-6.6934648,-0.0013266291,0.79955614,33.938908,88.052143,80.3104855116464
mfcc_s2_5_std,1489.0,5.384509693628744,4.220148086255267,0.0,2.5382626,4.9744263,7.799492,22.070736,22.070736,17.80964986992399
mfcc_s2_6_mean,1489.0,1.2401614865169537,8.161875782613867,-25.887337,-1.5832174,0.0,5.1062846,41.48529,67.372627,66.61621629081873
mfcc_s2_6_std,1489.0,4.785647972438341,3.5916615676326225,0.0,2.0992231,4.7611494,7.015205,19.162048,19.162048,12.900032816409228
mfcc_s2_7_mean,1489.0,-0.881812469379315,7.811280538825484,-38.875538,-4.1368966,0.0,2.1265059,27.928196,66.80373399999999,61.016103656233746
mfcc_s2_7_std,1489.0,4.484477566188247,3.3308832304443405,0.0,1.9984268,4.4269533,6.562965,16.954035,16.954035,11.094783094855327
mfcc_s2_8_mean,1489.0,0.2793844003419947,7.507231032928241,-31.690208,-2.22019,0.0,3.5367694,37.43255,69.122758,56.35851778176082
mfcc_s2_8_std,1489.0,4.225171448206515,3.259024234891593,0.0,1.8670499,4.1368256,6.087621,20.159742,20.159742,10.621238963610734
mfcc_s2_9_mean,1489.0,-0.49666033968761186,5.231873922349483,-21.523489,-2.8800616,0.0,1.199696,25.691767,47.215256,27.372504739360565
mfcc_s2_9_std,1489.0,4.024192683608501,3.134270467798687,0.0,1.5312606,4.0599027,5.6663384,22.299109,22.299109,9.823651365314998
mfcc_s2_10_mean,1489.0,0.2581378346575957,5.228890585079673,-17.686893,-1.5582396,0.0,1.7497239,29.508541,47.195434000000006,27.341296750734845
mfcc_s2_10_std,1489.0,3.834833835161451,3.093396959924757,0.0,1.558528,3.7190275,5.4659085,26.255854,26.255854,9.569104751671727
mfcc_s2_11_mean,1489.0,0.17504842584271327,5.11904475651856,-23.805382,-1.376975,0.0,2.1130915,41.026,64.831382,26.20461921924017
mfcc_s2_11_std,1489.0,3.7503685465453325,3.0667961060253335,0.0,1.4720335,3.5115163,5.378062,24.79735,24.79735,9.405238355932148
mfcc_s2_12_mean,1489.0,-0.4995503507650101,6.204158429130366,-31.99388,-1.6601108,0.0,1.5574632,36.011326,68.005206,38.49158181374938
mfcc_s2_12_std,1489.0,3.7525251327548688,3.1880458276083368,0.0,1.530198,3.5110455,5.3016877,24.09675,24.09675,10.163636198930925
mfcc_s2_13_mean,1489.0,0.5017774733340497,4.632983605146225,-18.46472,-1.1037576,0.0,2.2149458,29.888096,48.352816000000004,21.464537085553708
mfcc_s2_13_std,1489.0,3.526826648230087,2.8589561517289264,0.0,1.4640115,3.3818264,4.993604,22.18654,22.18654,8.173630277508671
mfcc_s3_1_mean,1489.0,-310.5983894159368,115.44742273053352,-625.0328,-393.53033,-342.66467,-206.68434,0.71047467,625.74327467,13328.107415122508
mfcc_s3_1_std,1489.0,24.659383552795536,36.95356896956723,0.0,0.0,6.1035156e-05,43.42805,184.59126,184.59126,1365.566259588562
mfcc_s3_2_mean,1489.0,19.43617110340114,33.271104839786524,-72.3817,0.0,0.0,38.64959,124.09225,196.47395,1106.9664172600662
mfcc_s3_2_std,1489.0,8.03795869806783,11.648052416259189,0.0,0.0,0.0,13.821519,59.081356,59.081356,135.6771250919215
mfcc_s3_3_mean,1489.0,-7.398881323184821,17.268235569341506,-92.938126,-9.3527355,0.0,0.0,70.917786,163.855912,298.1919596782712
mfcc_s3_3_std,1489.0,6.22687568970047,8.963017079520467,0.0,0.0,0.0,10.576186,51.41613,51.41613,80.3356751677756
mfcc_s3_4_mean,1489.0,1.403073061893284,9.925095202899191,-43.722443,0.0,0.0,0.92981136,58.02481,101.747253,98.50751478661253
mfcc_s3_4_std,1489.0,3.7583752888576227,5.049930816475719,0.0,0.0,0.0,6.836876,29.999811,29.999811,25.50180125119112
mfcc_s3_5_mean,1489.0,-2.1458613566183344,7.399461066604118,-44.55782,-1.9743955,0.0,0.0,24.459604,69.017424,54.75202407619015
mfcc_s3_5_std,1489.0,3.11984233125319,4.191169902705155,0.0,0.0,0.0,5.6597896,22.513533,22.513533,17.565905153341543
mfcc_s3_6_mean,1489.0,0.5107405872162525,6.434001330723052,-37.015663,0.0,0.0,0.5100849,33.853603,70.86926600000001,41.396373123746
mfcc_s3_6_std,1489.0,2.802289987473473,3.6523572751507807,0.0,0.0,0.0,5.3533607,19.870014,19.870014,13.339713665346837
mfcc_s3_7_mean,1489.0,-0.6423296790326394,5.924242309020675,-38.984848,0.0,0.0,0.0,25.314846,64.299694,35.09664693599062
mfcc_s3_7_std,1489.0,2.6434778125251848,3.4671988585829667,0.0,0.0,0.0,5.049261,22.840527,22.840527,12.021467924959028
mfcc_s3_8_mean,1489.0,0.16590722656803225,5.57337892719799,-27.961746,0.0,0.0,0.21504506,32.74781,60.709556000000006,31.062552666134618
mfcc_s3_8_std,1489.0,2.511039427663533,3.2864857449918534,0.0,0.0,0.0,4.6964784,21.434633,21.434633,10.800988552034656
mfcc_s3_9_mean,1489.0,-0.32550993151132573,4.306575792081346,-26.36978,-1.2979903e-05,0.0,1.2979903e-05,21.875734,48.245514,18.54659505294107
mfcc_s3_9_std,1489.0,2.3647731293251586,3.1207988835704574,0.0,0.0,9.094947e-13,4.429095,21.463835,21.463835,9.739385671694613
mfcc_s3_10_mean,1489.0,0.10984870383082601,3.9169579219578123,-18.005209,0.0,0.0,0.0,26.389145,44.394354,15.342559362388062
mfcc_s3_10_std,1489.0,2.260510622200806,3.023110807985313,0.0,0.0,0.0,4.3005066,20.907337,20.907337,9.139198957357612
mfcc_s3_11_mean,1489.0,0.2934499679548018,3.534809452261076,-17.18392,0.0,0.0,0.08812974,17.506746,34.690666,12.494877863794247
mfcc_s3_11_std,1489.0,2.2346085964231026,3.0952887409663465,0.0,0.0,0.0,4.0472636,25.298712,25.298712,9.58081238995303
mfcc_s3_12_mean,1489.0,-0.013671479341840152,4.535041564947506,-32.056725,0.0,0.0,0.0,22.269924,54.326649,20.566601995801527
mfcc_s3_12_std,1489.0,2.248092059254533,3.123926675046966,0.0,0.0,0.0,4.0384593,21.939928,21.939928,9.758917871069992
mfcc_s3_13_mean,1489.0,0.3962935986119073,3.874229183036883,-20.994133,0.0,0.0,0.20713983,32.46687,53.461003000000005,15.009651762694634
mfcc_s3_13_std,1489.0,2.1086989802787106,2.911193511811925,0.0,0.0,0.0,3.8071868,18.9431,18.9431,8.47504766321585
delta_1_mean,1489.0,-0.8295264021770544,1.1610675468641654,-3.639886,-1.7967515,-0.90621156,0.038523436,2.9914238,6.6313098,1.3480778483811708
delta_1_std,1489.0,9.21380660149765,4.111963145823598,0.7192946,6.628045,8.725614,11.3094225,25.029999,24.3107044,16.908240912611497
delta_2_mean,1489.0,-0.15941520063733947,0.3885551479989448,-1.2959749,-0.47514585,-0.14362353,0.094557844,1.2828082,2.5787831,0.1509751030364819
delta_2_std,1489.0,2.9327284584217597,1.3000729535416542,0.37839735,2.0321212,2.8427346,3.561867,10.93567,10.55727265,1.6901896845305202
delta_3_mean,1489.0,0.07529590543131306,0.23403017468923096,-0.78889555,-0.0768668,0.04478045,0.22821033,0.8422847,1.6311802499999999,0.05477012266507195
delta_3_std,1489.0,2.2350634885963734,1.3200056327236949,0.19952343,1.3287566,1.9177495,2.8253744,8.406942,8.207418570000002,1.742414870422282
delta_4_mean,1489.0,-0.03432525866073655,0.1355937873315229,-0.5521288,-0.12194903,-0.029582717,0.050241992,0.4635688,1.0156976,0.018385675162906262
delta_4_std,1489.0,1.3227809086836801,0.6475703074788967,0.20972593,0.870114,1.1712302,1.6485283,4.544864,4.335138069999999,0.4193473031283127
delta_5_mean,1489.0,0.016614510439722053,0.10165779286395354,-0.5607025,-0.042409156,0.012233157,0.07647701,0.47700208,1.03770458,0.010334306849970484
delta_5_std,1489.0,1.0854628498186703,0.5674431732638082,0.20474686,0.688568,0.94782084,1.3662292,4.3089275,4.10418064,0.32199175488370024
delta_6_mean,1489.0,-0.01615305199011461,0.0923303538025044,-0.34037825,-0.07001446,-0.01774143,0.035570055,0.33393914,0.67431739,0.00852489423329564
delta_6_std,1489.0,0.9393884686165211,0.45431141851109735,0.15566294,0.6096403,0.85392034,1.190645,4.1775846,4.02192166,0.20639886498956544
delta_7_mean,1489.0,-0.0035941171154287898,0.08396246744463119,-0.2926405,-0.052683603,-0.0048605865,0.042903285,0.3217909,0.6144314,0.0070496959393907535
delta_7_std,1489.0,0.8940080554956347,0.4272206607030523,0.061328717,0.60998124,0.80603826,1.0805078,2.9399009,2.878572183,0.18251749293155256
delta_8_mean,1489.0,-0.01152989787174048,0.08303301984003741,-0.3293013,-0.057297375,-0.011219604,0.032713994,0.3515843,0.6808856000000001,0.006894482383756047
delta_8_std,1489.0,0.8525558084338482,0.43030705813594355,0.09959133,0.5764727,0.77469385,1.0452046,3.9578574,3.85826607,0.18516416428161028
delta_9_mean,1489.0,-0.0017175495431373245,0.0663122592396979,-0.27711585,-0.042237017,-0.00075998734,0.035427555,0.23755257,0.51466842,0.0043973157254729
delta_9_std,1489.0,0.8109740180792477,0.39387403060448334,0.13448192,0.52215433,0.7546241,1.005404,3.3865843,3.25210238,0.15513675198462146
delta_10_mean,1489.0,-0.003834585010312392,0.06720538561349644,-0.43433288,-0.040964767,-0.0030928145,0.037320483,0.23713666,0.6714695399999999,0.0045165638554587545
delta_10_std,1489.0,0.7791224027864337,0.4134816274776181,0.02585827,0.49883375,0.69119483,0.978772,4.208935,4.183076730000001,0.1709670562615397
delta_11_mean,1489.0,0.0014922352384227908,0.06257101403802455,-0.42186972,-0.030215254,0.0018586819,0.036175407,0.26329595,0.68516567,0.003915131797746666
delta_11_std,1489.0,0.7652339341638683,0.43609276945874687,0.09510007,0.4468765,0.67978215,0.97733635,3.1948502,3.09975013,0.19017690357419975
delta_12_mean,1489.0,-0.004694826790109931,0.0606001342111379,-0.39154884,-0.035757042,-0.0029770646,0.026767448,0.29021096,0.6817598,0.003672376266407926
delta_12_std,1489.0,0.7718882277837474,0.48403279431229296,0.09292436,0.43149644,0.6539401,0.96781343,4.157279,4.06435464,0.23428774596976648
delta_13_mean,1489.0,-0.0048401210076533165,0.05750880787960675,-0.35467276,-0.03620274,-0.0029033248,0.027987229,0.3163527,0.67102546,0.003307262983733519
delta_13_std,1489.0,0.714439747149765,0.4195394886752031,0.086289786,0.42303318,0.6234677,0.8714318,3.159362,3.0730722139999997,0.17601338255785087
delta2_1_mean,1489.0,-0.2268382284363026,0.3652098185555249,-1.8668206,-0.41124982,-0.14789478,-0.0124868965,1.2775677,3.1443883,0.13337821156935942
delta2_1_std,1489.0,4.620422396682337,2.4715930525835192,0.35940665,3.1632974,4.1435,5.414383,20.390127,20.03072035,6.108772217579118
delta2_2_mean,1489.0,-0.02587194281881362,0.1281832572323991,-0.7146796,-0.09090631,-0.021475762,0.04457379,0.49438444,1.20906404,0.016430947434707393
delta2_2_std,1489.0,1.617379804519812,0.9035791703610475,0.26915228,1.0431043,1.4363683,1.8884928,6.861445,6.59229272,0.816455317110359
delta2_3_mean,1489.0,0.05604493769011659,0.09782275292443264,-0.24639903,-0.0057078847,0.039513074,0.10533022,0.5664702,0.81286923,0.009569290989714594
delta2_3_std,1489.0,1.2110476291336467,0.7585237569316662,0.22178642,0.7273124,1.0018674,1.470122,6.503307,6.2815205800000005,0.5753582898297295
delta2_4_mean,1489.0,0.001708356918739131,0.05869610993325847,-0.27931267,-0.031846676,-0.004370279,0.034630578,0.2401642,0.51947687,0.003445233321297163
delta2_4_std,1489.0,0.7732081834116857,0.38492800124816573,0.14586999,0.5063985,0.6979463,0.93130684,3.4265897,3.28071971,0.1481695661449079
delta2_5_mean,1489.0,0.019236424246186507,0.051792111250592146,-0.1729156,-0.010369799,0.013010095,0.040228475,0.25283468,0.42575028,0.0026824227877937134
delta2_5_std,1489.0,0.6582498925319006,0.35872660269265155,0.07604701,0.4247253,0.5783245,0.7967699,4.216339,4.14029199,0.12868477547941148
delta2_6_mean,1489.0,0.001987835474102196,0.04064642639643067,-0.24210435,-0.02122461,7.101457e-05,0.024171053,0.21187332,0.45397767,0.0016521319788004563
delta2_6_std,1489.0,0.5776808946541303,0.3099081448917635,0.08059775,0.38217184,0.5316515,0.6936878,3.3522215,3.2716237500000003,0.09604305827025429
delta2_7_mean,1489.0,0.0042804982783620805,0.03905971145416599,-0.16718908,-0.0182288,0.002038259,0.026333325,0.16038434,0.32757342,0.001525661058882706
delta2_7_std,1489.0,0.5517710698220282,0.27013953710071076,0.049852133,0.37761694,0.5021431,0.67389685,2.8994393,2.849587167,0.07297536950498629
delta2_8_mean,1489.0,-0.0017691642784531023,0.038035674491011355,-0.22091848,-0.023185322,-0.00088688213,0.01955585,0.23198041,0.45289889,0.001446712533986172
delta2_8_std,1489.0,0.5270774609382136,0.2659470637876565,0.06829049,0.35653433,0.48384905,0.6438357,3.25279,3.18449951,0.07072784073727581
delta2_9_mean,1489.0,0.003398806268957857,0.035344180338867534,-0.2176197,-0.01790657,0.0016046271,0.023814097,0.15517299,0.37279269000000004,0.0012492110838263901
delta2_9_std,1489.0,0.5064659652719946,0.2406715344680369,0.07401229,0.33559683,0.46931657,0.61802214,1.7956144,1.72160211,0.05792278750319948
delta2_10_mean,1489.0,-0.0005788583462509429,0.034238806433146037,-0.1782183,-0.017741999,0.0005517157,0.018364541,0.13831016,0.31652846,0.0011722958659664425
delta2_10_std,1489.0,0.4926898413357958,0.2501937695168588,0.041016895,0.31817538,0.44289702,0.622049,1.8374208,1.796403905,0.06259692230505506
delta2_11_mean,1489.0,-0.0014302752356148722,0.03364300411015738,-0.23454979,-0.018241754,0.00025553175,0.016421815,0.21357183,0.44812162,0.0011318517255560665
delta2_11_std,1489.0,0.4819217133707186,0.2686970383392415,0.091434345,0.2973005,0.4238778,0.60598165,2.7116392,2.620204855,0.07219809841227984
delta2_12_mean,1489.0,8.661226522839733e-05,0.030565154452167245,-0.1923597,-0.016066233,-0.00088625576,0.015155938,0.16131213,0.35367183,0.0009342286666848392
delta2_12_std,1489.0,0.48072980543317667,0.26875024579025236,0.077291854,0.28731847,0.41305074,0.612563,2.0618563,1.984564446,0.07222669461232105
delta2_13_mean,1489.0,-0.0027067056993227675,0.029935169141921465,-0.1265663,-0.016807351,-0.0019499253,0.013291751,0.16980909,0.29637539,0.000896114351555447
delta2_13_std,1489.0,0.45032039738012086,0.24189416725331245,0.056128208,0.29047707,0.3982205,0.5514859,1.8499047,1.793776492,0.05851278815117349
spectral_centroid_mean,1489.0,1165.3873283152238,770.3440422969601,84.90320929859885,611.1382746571413,989.7959453314572,1544.7590913841325,4148.413161145491,4063.5099518468924,593429.9435024206
spectral_centroid_std,1489.0,737.5505832334198,470.68086487679085,39.39685332843886,411.5731862961009,630.754570000729,938.2770551141653,2210.3009573450317,2170.904104016593,221540.47656116387
spectral_bandwidth_mean,1489.0,909.9640151046799,527.5011176071424,67.45844481443834,499.3893099571849,792.2150906495701,1284.5019275176703,2351.4093396885355,2283.9508948740972,278257.42907678435
spectral_bandwidth_std,1489.0,506.33865830981136,247.77924355551664,38.83493985234303,305.6793042556862,504.041740911221,699.7504184605813,1162.221125881847,1123.386186029504,61394.55353694403
spectral_rolloff_mean,1489.0,2024.785531776722,1326.2367714515074,137.40079365079364,1058.0357142857142,1600.1984126984128,2785.9623015873017,6172.870222929936,6035.469429279143,1758903.973950118
spectral_rolloff_std,1489.0,1296.4353143747262,702.7328013390426,78.79111419221302,755.2586373405903,1167.53326679094,1705.849352312975,3366.947450370496,3288.156336178283,493833.3900778183
zero_crossing_rate_mean,1489.0,0.10762817293868764,0.09007490124211073,0.0005890376984126,0.0471927703373015,0.0819304935515873,0.1392876691878981,0.5618102058531746,0.5612211681547621,0.008113487833776
zero_crossing_rate_std,1489.0,0.08306066351643497,0.05899412209356089,0.0023503818492133,0.0401909525231396,0.0637996767185668,0.1054142899578517,0.2909764212347158,0.28862603938550246,0.0034803064415899693
rms_energy_mean,1489.0,0.06544333645752855,0.06338019731669273,0.000803422,0.022760259,0.048896283,0.08500401,0.61710644,0.616303018,0.004017049411902903
rms_energy_std,1489.0,0.07486564440335797,0.05034771235092406,0.0012782558,0.034717355,0.06670413,0.102432184,0.3603915,0.35911324419999996,0.002534892138971391
chroma_1_mean,1489.0,0.27550111398811283,0.18563143230422394,0.0010596522,0.12549295,0.24175315,0.40053576,0.90783167,0.9067720177999999,0.03445902865931767
chroma_1_std,1489.0,0.27516229754808597,0.08346915396880905,0.0049724556,0.223131,0.28200525,0.33386344,0.4779159,0.4729434444,0.006967099664268751
chroma_2_mean,1489.0,0.26696687653364676,0.18138787852568597,0.002183391,0.11701007,0.23132737,0.38530537,0.8931186,0.890935209,0.03290156247604901
chroma_2_std,1489.0,0.2680356350494291,0.08348394934036996,0.006134261,0.21515642,0.2782209,0.32599548,0.46389717,0.45776290900000005,0.006969569797465458
chroma_3_mean,1489.0,0.2657369343752183,0.18366241663131957,0.0032192927,0.112771645,0.2274842,0.39072153,0.8976193,0.8944000073,0.033731883282856416
chroma_3_std,1489.0,0.264790628435863,0.08315727816232438,0.008372886,0.21111077,0.2760917,0.32274947,0.46800873,0.45963584399999996,0.00691513291136619
chroma_4_mean,1489.0,0.2609627799738079,0.17916342417854308,0.008652804,0.11164907,0.22321302,0.38597706,0.81480646,0.806153656,0.03209953256338056
chroma_4_std,1489.0,0.26339780004298186,0.08309232403091901,0.020072656,0.21122882,0.2736533,0.32445654,0.45458087,0.434508214,0.006904334312859242
chroma_5_mean,1489.0,0.24748980112907995,0.17209261745534943,0.0069816597,0.11067138,0.20641103,0.36409515,0.85995656,0.8529749003,0.029615868982633235
chroma_5_std,1489.0,0.25416419010611147,0.07981950556518755,0.009787168,0.20138775,0.2652511,0.3137289,0.45933947,0.449552302,0.006371153468671007
chroma_6_mean,1489.0,0.24187527387750166,0.1696512361095815,0.0052740136,0.10719259,0.19484742,0.3434295,0.7779896,0.7727155863999999,0.028781541913508967
chroma_6_std,1489.0,0.2511229144405641,0.07606539285509711,0.008028724,0.20472094,0.2601405,0.30575472,0.4626749,0.454646176,0.005785943990200259
chroma_7_mean,1489.0,0.2494568438402955,0.18021796953276573,0.0052650976,0.102905564,0.2051682,0.36025605,0.9875761,0.9823110023999999,0.032478516542512874
chroma_7_std,1489.0,0.25405836822364,0.08083291005023835,0.00986694,0.19984181,0.26079413,0.31152984,0.4370168,0.42714986,0.006533959347189925
chroma_8_mean,1489.0,0.24882374562807258,0.18267850862222196,0.0066854064,0.102802664,0.20360108,0.36267453,0.9484134,0.9417279935999999,0.03337143751243922
chroma_8_std,1489.0,0.24982245147414375,0.08284053688809331,0.016851773,0.19816823,0.2592896,0.30760536,0.46415982,0.447308047,0.006862554551907549
chroma_9_mean,1489.0,0.2507389822294157,0.18569656458123598,0.0035486058,0.098347604,0.19954409,0.37573048,0.88053995,0.8769913441999999,0.034483214097273146
chroma_9_std,1489.0,0.2508783754009402,0.08361536465299087,0.017301716,0.19126232,0.25701538,0.31401315,0.46346,0.44615828399999996,0.006991529206052636
chroma_10_mean,1489.0,0.25775019273082606,0.18789889293906573,0.0048576808,0.10808949,0.20216931,0.37926084,0.9056629,0.9008052192,0.03530599396772648
chroma_10_std,1489.0,0.25666369928945604,0.08317905397052307,0.006687332,0.1991741,0.26498547,0.3162792,0.4552337,0.44854636800000003,0.00691875501943119
chroma_11_mean,1489.0,0.2734534518300202,0.1909383580394872,0.001018554,0.11919463,0.22469608,0.39873287,0.9251558,0.924137246,0.03645745657081541
chroma_11_std,1489.0,0.2693117423404298,0.08386189577440241,0.0052243914,0.21834221,0.2723119,0.33166587,0.4715096,0.4662852086,0.0070328175628767324
chroma_12_mean,1489.0,0.28550247880020146,0.19529976195214943,0.0010616933,0.12784615,0.24009736,0.4136567,0.9187457,0.9176840066999999,0.038141997018566236
chroma_12_std,1489.0,0.28147233336662186,0.08601170239345368,0.005726284,0.22997673,0.29034886,0.3414462,0.49180514,0.48607885599999995,0.007398012948620045
spectral_contrast_1_mean,1489.0,16.35378074285977,4.079930189120366,5.105138264711686,13.354998357922486,15.752833656402814,18.71634796052724,34.16031303378346,29.055174769071776,16.645830348095746
spectral_contrast_1_std,1489.0,4.2593950618206815,1.6497588648646007,1.1458024300210177,3.341739902641274,4.018163306142492,4.842125518047019,18.173888653660228,17.02808622363921,2.721704312199336
spectral_contrast_2_mean,1489.0,14.098531746327373,3.9276308397390816,4.113774683998143,10.91689778119352,13.448631475005588,16.619913411207957,28.64988489356754,24.536110209569394,15.426284013269523
spectral_contrast_2_std,1489.0,4.230922376569462,1.5955931871289721,1.1899108089089836,3.1525128050085858,3.8910681547910646,5.062733820388984,12.529598997915675,11.339688189006692,2.5459176188123913
spectral_contrast_3_mean,1489.0,16.689961615604577,4.111027150456993,4.941529204139636,13.636980717061515,16.105990040502327,18.995106198880904,33.78839469301611,28.846865488876475,16.900544231794537
spectral_contrast_3_std,1489.0,4.200742087253313,1.637650437622508,0.9966039371418488,3.138033964289686,3.926946476868908,5.087448416078979,13.03378237546958,12.03717843832773,2.6818989558451922
spectral_contrast_4_mean,1489.0,18.255585505885676,3.953354053149257,5.617130797841914,15.606823280025596,17.933283016735334,20.390672409366864,37.8728423624815,32.25571156463958,15.629008269551658
spectral_contrast_4_std,1489.0,4.20194058202056,1.6144814889875432,0.6727439653281158,3.112172342213696,3.9407922342753534,5.047791271173617,12.14658688527746,11.473842919949345,2.6065504782834346
spectral_contrast_5_mean,1489.0,18.99011809536598,4.031489093509024,6.979863653661741,16.538394675852757,18.49137671924714,21.01080671690472,36.38985274484366,29.409989091181917,16.252904311082215
spectral_contrast_5_std,1489.0,4.052192234087596,1.7630094316285856,0.5960701771384339,2.876095912755871,3.662444436314361,4.875667325525096,14.35055485950028,13.754484682361845,3.1082022560113485
spectral_contrast_6_mean,1489.0,26.478484359525826,7.769244214494862,7.954093159520977,20.450856827581436,25.67539203969176,31.580262993416728,48.42344448994801,40.46935133042703,60.3611556644619
spectral_contrast_6_std,1489.0,7.591646530758635,3.67955446958389,1.0252177454415428,4.535037943830782,7.132713689397923,9.980132536106233,19.722748739972864,18.69753099453132,13.539121094634783
tonnetz_1_mean,1489.0,-0.005727603087572987,0.03789781926609914,-0.373889984839542,-0.0196376237999908,-0.0037500853294255,0.0107430341666513,0.3084115882483693,0.6823015730879113,0.0014362447051259155
tonnetz_1_std,1489.0,0.08769487737121125,0.05811665113103891,0.023026487561645,0.0506936674578011,0.0665730705577095,0.0992890723126122,0.3800574894109589,0.3570310018493139,0.0033775451386868862
tonnetz_2_mean,1489.0,0.009978616404721993,0.03641158210106182,-0.3007881643218033,-0.0047607562016032,0.010473321574199,0.025984653358613,0.3423589284905645,0.6431470928123677,0.0013258033111023658
tonnetz_2_std,1489.0,0.09107976938237092,0.05358183330461463,0.0227680245880181,0.0562465708505285,0.073841507789915,0.107149468303729,0.3924394513607485,0.3696714267727304,0.0028710128602835094
tonnetz_3_mean,1489.0,-0.015010347951996569,0.050552045701456993,-0.292568652985164,-0.0438360404093857,-0.0173853194130411,0.0082902509630431,0.4462492803028622,0.7388179332880263,0.0025555093246021968
tonnetz_3_std,1489.0,0.12043223344835137,0.06542272616042656,0.0299601578026624,0.0777687164820452,0.1019417079076546,0.1400010058799802,0.4703109025882909,0.44035074478562847,0.004280133098262162
tonnetz_4_mean,1489.0,0.013207598641564365,0.05406308808814235,-0.4012661382205977,-0.0112088262620903,0.0165140457222204,0.0410176391624619,0.3458310381337334,0.747097176354331,0.002922817493626239
tonnetz_4_std,1489.0,0.11751142134016036,0.06742928917492033,0.0226781240412623,0.0766228439654426,0.0975334295561543,0.1363244570836894,0.4910600079813542,0.4683818839400919,0.004546709038635029
tonnetz_5_mean,1489.0,0.006209868840746697,0.019477157567030612,-0.1430484314180756,-0.0028795876192984,0.007058651509013,0.0164421856134936,0.1428855602324874,0.285933991650563,0.00037935966689093783
tonnetz_5_std,1489.0,0.046394322983800015,0.025235426703591704,0.0117691812246258,0.0308516955705318,0.0391838752285648,0.0523144891418369,0.2033766873513164,0.19160750612669059,0.0006368267609123492
tonnetz_6_mean,1489.0,0.004985368113365845,0.01897834072968463,-0.1218485238483701,-0.0041338278882441,0.0056791812017937,0.01575133340509,0.1491772439723812,0.2710257678207513,0.00036017741685200646
tonnetz_6_std,1489.0,0.046374350797524284,0.02464659057155694,0.0140636634954219,0.0311490742859589,0.0391522448594681,0.0528138114703149,0.2011611228240796,0.1870974593286577,0.0006074544268019594
