filename,fold,target,category,esc10,src_file,take
1-100032-A-0.wav,1,0,dog,True,100032,A
1-101336-A-30.wav,1,30,door_wood_knock,False,101336,A
1-103995-A-30.wav,1,30,door_wood_knock,False,103995,A
1-103999-A-30.wav,1,30,door_wood_knock,False,103999,A
1-110389-A-0.wav,1,0,dog,True,110389,A
1-17124-A-43.wav,1,43,car_horn,False,17124,A
1-187207-A-20.wav,1,20,crying_baby,True,187207,A
1-19026-A-43.wav,1,43,car_horn,False,19026,A
1-20133-A-39.wav,1,39,glass_breaking,False,20133,A
1-211527-A-20.wav,1,20,crying_baby,True,211527,A
1-211527-B-20.wav,1,20,crying_baby,True,211527,B
1-211527-C-20.wav,1,20,crying_baby,True,211527,C
1-22694-A-20.wav,1,20,crying_baby,True,22694,A
1-22694-B-20.wav,1,20,crying_baby,True,22694,B
1-24074-A-43.wav,1,43,car_horn,False,24074,A
1-24076-A-43.wav,1,43,car_horn,False,24076,A
1-254507-A-43.wav,1,43,car_horn,False,254507,A
1-26176-A-43.wav,1,43,car_horn,False,26176,A
1-26177-A-43.wav,1,43,car_horn,False,26177,A
1-26188-A-30.wav,1,30,door_wood_knock,False,26188,A
1-28808-A-43.wav,1,43,car_horn,False,28808,A
1-30226-A-0.wav,1,0,dog,True,30226,A
1-30344-A-0.wav,1,0,dog,True,30344,A
1-31482-A-42.wav,1,42,siren,False,31482,A
1-31482-B-42.wav,1,42,siren,False,31482,B
1-32318-A-0.wav,1,0,dog,True,32318,A
1-52290-A-30.wav,1,30,door_wood_knock,False,52290,A
1-54084-A-42.wav,1,42,siren,False,54084,A
1-59513-A-0.wav,1,0,dog,True,59513,A
1-60997-A-20.wav,1,20,crying_baby,True,60997,A
1-60997-B-20.wav,1,20,crying_baby,True,60997,B
1-76831-A-42.wav,1,42,siren,False,76831,A
1-76831-B-42.wav,1,42,siren,False,76831,B
1-76831-C-42.wav,1,42,siren,False,76831,C
1-76831-D-42.wav,1,42,siren,False,76831,D
1-76831-E-42.wav,1,42,siren,False,76831,E
1-81001-A-30.wav,1,30,door_wood_knock,False,81001,A
1-81001-B-30.wav,1,30,door_wood_knock,False,81001,B
1-82817-A-30.wav,1,30,door_wood_knock,False,82817,A
1-84536-A-39.wav,1,39,glass_breaking,False,84536,A
1-84704-A-39.wav,1,39,glass_breaking,False,84704,A
1-84705-A-39.wav,1,39,glass_breaking,False,84705,A
1-85168-A-39.wav,1,39,glass_breaking,False,85168,A
1-85184-A-39.wav,1,39,glass_breaking,False,85184,A
1-85362-A-0.wav,1,0,dog,True,85362,A
1-88807-A-39.wav,1,39,glass_breaking,False,88807,A
1-97392-A-0.wav,1,0,dog,True,97392,A
1-977-A-39.wav,1,39,glass_breaking,False,977,A
2-100648-A-43.wav,2,43,car_horn,False,100648,A
2-106881-A-39.wav,2,39,glass_breaking,False,106881,A
2-107351-A-20.wav,2,20,crying_baby,True,107351,A
2-107351-B-20.wav,2,20,crying_baby,True,107351,B
2-112213-A-39.wav,2,39,glass_breaking,False,112213,A
2-112213-B-39.wav,2,39,glass_breaking,False,112213,B
2-114254-A-30.wav,2,30,door_wood_knock,False,114254,A
2-114280-A-0.wav,2,0,dog,True,114280,A
2-114587-A-0.wav,2,0,dog,True,114587,A
2-116400-A-0.wav,2,0,dog,True,116400,A
2-117271-A-0.wav,2,0,dog,True,117271,A
2-118072-A-0.wav,2,0,dog,True,118072,A
2-118624-A-30.wav,2,30,door_wood_knock,False,118624,A
2-118625-A-30.wav,2,30,door_wood_knock,False,118625,A
2-118964-A-0.wav,2,0,dog,True,118964,A
2-120218-A-30.wav,2,30,door_wood_knock,False,120218,A
2-120218-B-30.wav,2,30,door_wood_knock,False,120218,B
2-122104-A-0.wav,2,0,dog,True,122104,A
2-122104-B-0.wav,2,0,dog,True,122104,B
2-125520-A-43.wav,2,43,car_horn,False,125520,A
2-128465-A-43.wav,2,43,car_horn,False,128465,A
2-128465-B-43.wav,2,43,car_horn,False,128465,B
2-133889-A-30.wav,2,30,door_wood_knock,False,133889,A
2-134915-A-30.wav,2,30,door_wood_knock,False,134915,A
2-138465-A-43.wav,2,43,car_horn,False,138465,A
2-140841-A-30.wav,2,30,door_wood_knock,False,140841,A
2-141563-A-39.wav,2,39,glass_breaking,False,141563,A
2-144137-A-43.wav,2,43,car_horn,False,144137,A
2-151079-A-20.wav,2,20,crying_baby,True,151079,A
2-173559-A-39.wav,2,39,glass_breaking,False,173559,A
2-173607-A-39.wav,2,39,glass_breaking,False,173607,A
2-173618-A-39.wav,2,39,glass_breaking,False,173618,A
2-250710-A-39.wav,2,39,glass_breaking,False,250710,A
2-42101-A-43.wav,2,43,car_horn,False,42101,A
2-43802-A-42.wav,2,42,siren,False,43802,A
2-43806-A-42.wav,2,42,siren,False,43806,A
2-50665-A-20.wav,2,20,crying_baby,True,50665,A
2-50666-A-20.wav,2,20,crying_baby,True,50666,A
2-54086-A-43.wav,2,43,car_horn,False,54086,A
2-66637-A-20.wav,2,20,crying_baby,True,66637,A
2-66637-B-20.wav,2,20,crying_baby,True,66637,B
2-70052-A-42.wav,2,42,siren,False,70052,A
2-70052-B-42.wav,2,42,siren,False,70052,B
2-70936-A-42.wav,2,42,siren,False,70936,A
2-70938-A-42.wav,2,42,siren,False,70938,A
2-70939-A-42.wav,2,42,siren,False,70939,A
2-72688-A-42.wav,2,42,siren,False,72688,A
2-80482-A-20.wav,2,20,crying_baby,True,80482,A
3-136288-A-0.wav,3,0,dog,True,136288,A
3-144028-A-0.wav,3,0,dog,True,144028,A
3-144510-A-30.wav,3,30,door_wood_knock,False,144510,A
3-145577-A-43.wav,3,43,car_horn,False,145577,A
3-146697-A-43.wav,3,43,car_horn,False,146697,A
3-151080-A-20.wav,3,20,crying_baby,True,151080,A
3-151081-A-20.wav,3,20,crying_baby,True,151081,A
3-151081-B-20.wav,3,20,crying_baby,True,151081,B
3-151089-A-30.wav,3,30,door_wood_knock,False,151089,A
3-152007-A-20.wav,3,20,crying_baby,True,152007,A
3-152007-B-20.wav,3,20,crying_baby,True,152007,B
3-152007-C-20.wav,3,20,crying_baby,True,152007,C
3-152007-D-20.wav,3,20,crying_baby,True,152007,D
3-152007-E-20.wav,3,20,crying_baby,True,152007,E
3-152594-A-30.wav,3,30,door_wood_knock,False,152594,A
3-153057-A-43.wav,3,43,car_horn,False,153057,A
3-154378-A-30.wav,3,30,door_wood_knock,False,154378,A
3-155130-A-43.wav,3,43,car_horn,False,155130,A
3-155234-A-43.wav,3,43,car_horn,False,155234,A
3-155312-A-0.wav,3,0,dog,True,155312,A
3-157695-A-0.wav,3,0,dog,True,157695,A
3-161010-A-43.wav,3,43,car_horn,False,161010,A
3-163459-A-0.wav,3,0,dog,True,163459,A
3-170015-A-0.wav,3,0,dog,True,170015,A
3-170574-A-30.wav,3,30,door_wood_knock,False,170574,A
3-174840-A-43.wav,3,43,car_horn,False,174840,A
3-180147-A-30.wav,3,30,door_wood_knock,False,180147,A
3-180256-A-0.wav,3,0,dog,True,180256,A
3-180977-A-0.wav,3,0,dog,True,180977,A
3-182023-A-30.wav,3,30,door_wood_knock,False,182023,A
3-182025-A-30.wav,3,30,door_wood_knock,False,182025,A
3-203371-A-39.wav,3,39,glass_breaking,False,203371,A
3-203373-A-39.wav,3,39,glass_breaking,False,203373,A
3-203374-A-39.wav,3,39,glass_breaking,False,203374,A
3-203375-A-39.wav,3,39,glass_breaking,False,203375,A
3-203377-A-39.wav,3,39,glass_breaking,False,203377,A
3-216280-A-39.wav,3,39,glass_breaking,False,216280,A
3-216281-A-39.wav,3,39,glass_breaking,False,216281,A
3-216284-A-39.wav,3,39,glass_breaking,False,216284,A
3-243726-A-43.wav,3,43,car_horn,False,243726,A
3-51376-A-42.wav,3,42,siren,False,51376,A
3-51731-A-42.wav,3,42,siren,False,51731,A
3-51731-B-42.wav,3,42,siren,False,51731,B
3-51909-A-42.wav,3,42,siren,False,51909,A
3-51909-B-42.wav,3,42,siren,False,51909,B
3-58772-A-42.wav,3,42,siren,False,58772,A
3-62878-A-42.wav,3,42,siren,False,62878,A
3-62878-B-42.wav,3,42,siren,False,62878,B
4-102871-A-42.wav,4,42,siren,False,102871,A
4-111671-A-42.wav,4,42,siren,False,111671,A
4-111671-B-42.wav,4,42,siren,False,111671,B
4-121532-A-42.wav,4,42,siren,False,121532,A
4-167077-A-20.wav,4,20,crying_baby,True,167077,A
4-167077-B-20.wav,4,20,crying_baby,True,167077,B
4-167077-C-20.wav,4,20,crying_baby,True,167077,C
4-175845-A-43.wav,4,43,car_horn,False,175845,A
4-175846-A-43.wav,4,43,car_horn,False,175846,A
4-175855-A-43.wav,4,43,car_horn,False,175855,A
4-175856-A-43.wav,4,43,car_horn,False,175856,A
4-176631-A-43.wav,4,43,car_horn,False,176631,A
4-176638-A-43.wav,4,43,car_horn,False,176638,A
4-178402-A-43.wav,4,43,car_horn,False,178402,A
4-182034-A-30.wav,4,30,door_wood_knock,False,182034,A
4-182039-A-30.wav,4,30,door_wood_knock,False,182039,A
4-182041-A-30.wav,4,30,door_wood_knock,False,182041,A
4-182395-A-0.wav,4,0,dog,True,182395,A
4-183992-A-0.wav,4,0,dog,True,183992,A
4-184575-A-0.wav,4,0,dog,True,184575,A
4-185575-A-20.wav,4,20,crying_baby,True,185575,A
4-185575-B-20.wav,4,20,crying_baby,True,185575,B
4-185575-C-20.wav,4,20,crying_baby,True,185575,C
4-186518-A-30.wav,4,30,door_wood_knock,False,186518,A
4-187284-A-30.wav,4,30,door_wood_knock,False,187284,A
4-188878-A-30.wav,4,30,door_wood_knock,False,188878,A
4-191015-A-43.wav,4,43,car_horn,False,191015,A
4-191687-A-0.wav,4,0,dog,True,191687,A
4-192236-A-0.wav,4,0,dog,True,192236,A
4-194754-A-0.wav,4,0,dog,True,194754,A
4-199261-A-0.wav,4,0,dog,True,199261,A
4-204115-A-39.wav,4,39,glass_breaking,False,204115,A
4-204119-A-39.wav,4,39,glass_breaking,False,204119,A
4-204121-A-39.wav,4,39,glass_breaking,False,204121,A
4-204123-A-39.wav,4,39,glass_breaking,False,204123,A
4-204777-A-39.wav,4,39,glass_breaking,False,204777,A
4-204777-B-39.wav,4,39,glass_breaking,False,204777,B
4-204777-C-39.wav,4,39,glass_breaking,False,204777,C
4-207124-A-0.wav,4,0,dog,True,207124,A
4-211502-A-30.wav,4,30,door_wood_knock,False,211502,A
4-212698-A-39.wav,4,39,glass_breaking,False,212698,A
4-261068-A-30.wav,4,30,door_wood_knock,False,261068,A
4-59579-A-20.wav,4,20,crying_baby,True,59579,A
4-59579-B-20.wav,4,20,crying_baby,True,59579,B
4-67358-A-42.wav,4,42,siren,False,67358,A
4-80761-A-42.wav,4,42,siren,False,80761,A
4-90014-A-42.wav,4,42,siren,False,90014,A
4-90014-B-42.wav,4,42,siren,False,90014,B
5-117118-A-42.wav,5,42,siren,False,117118,A
5-117120-A-42.wav,5,42,siren,False,117120,A
5-117122-A-42.wav,5,42,siren,False,117122,A
5-133989-A-42.wav,5,42,siren,False,133989,A
5-133989-B-42.wav,5,42,siren,False,133989,B
5-150409-A-42.wav,5,42,siren,False,150409,A
5-151085-A-20.wav,5,20,crying_baby,True,151085,A
5-160551-A-42.wav,5,42,siren,False,160551,A
5-179860-A-43.wav,5,43,car_horn,False,179860,A
5-179863-A-43.wav,5,43,car_horn,False,179863,A
5-179865-A-43.wav,5,43,car_horn,False,179865,A
5-179866-A-43.wav,5,43,car_horn,False,179866,A
5-179868-A-43.wav,5,43,car_horn,False,179868,A
5-180156-A-43.wav,5,43,car_horn,False,180156,A
5-180156-B-43.wav,5,43,car_horn,False,180156,B
5-180156-C-43.wav,5,43,car_horn,False,180156,C
5-184323-A-42.wav,5,42,siren,False,184323,A
5-198411-A-20.wav,5,20,crying_baby,True,198411,A
5-198411-B-20.wav,5,20,crying_baby,True,198411,B
5-198411-C-20.wav,5,20,crying_baby,True,198411,C
5-198411-D-20.wav,5,20,crying_baby,True,198411,D
5-198411-E-20.wav,5,20,crying_baby,True,198411,E
5-198411-F-20.wav,5,20,crying_baby,True,198411,F
5-198411-G-20.wav,5,20,crying_baby,True,198411,G
5-203128-A-0.wav,5,0,dog,True,203128,A
5-203128-B-0.wav,5,0,dog,True,203128,B
5-208030-A-0.wav,5,0,dog,True,208030,A
5-212454-A-0.wav,5,0,dog,True,212454,A
5-213855-A-0.wav,5,0,dog,True,213855,A
5-217158-A-0.wav,5,0,dog,True,217158,A
5-218980-A-30.wav,5,30,door_wood_knock,False,218980,A
5-218981-A-30.wav,5,30,door_wood_knock,False,218981,A
5-221528-A-39.wav,5,39,glass_breaking,False,221528,A
5-221529-A-39.wav,5,39,glass_breaking,False,221529,A
5-231762-A-0.wav,5,0,dog,True,231762,A
5-233605-A-39.wav,5,39,glass_breaking,False,233605,A
5-233607-A-39.wav,5,39,glass_breaking,False,233607,A
5-235644-A-30.wav,5,30,door_wood_knock,False,235644,A
5-250026-A-30.wav,5,30,door_wood_knock,False,250026,A
5-250026-B-30.wav,5,30,door_wood_knock,False,250026,B
5-251426-A-30.wav,5,30,door_wood_knock,False,251426,A
5-251426-B-30.wav,5,30,door_wood_knock,False,251426,B
5-256512-A-30.wav,5,30,door_wood_knock,False,256512,A
5-257642-A-39.wav,5,39,glass_breaking,False,257642,A
5-260432-A-39.wav,5,39,glass_breaking,False,260432,A
5-260433-A-39.wav,5,39,glass_breaking,False,260433,A
5-260434-A-39.wav,5,39,glass_breaking,False,260434,A
5-9032-A-0.wav,5,0,dog,True,9032,A
