file_path,label
data/processed/audio/Dog/animal_sounds_caoofficial_dog_153.wav,Dog
data/processed/audio/Frog/animal_sounds_ggquang_2-52789-A.wav,Frog
data/processed/audio/Dog/animal_sounds_ggquang_dog_24 (3).wav,Dog
data/processed/audio/Cat/animal_sounds_caoofficial_cat_138.wav,Cat
data/processed/audio/Cat/animal_sounds_caoofficial_cat_34.wav,Cat
data/processed/audio/Cow/animal_sounds_caoofficial_inek_38.wav,Cow
data/processed/audio/Cat/animal_sounds_caoofficial_cat_148.wav,Cat
data/processed/audio/Bird/animal_sounds_caoofficial_Kus_109_v2 (8).wav,Bird
data/processed/audio/Bird/animal_sounds_caoofficial_Kus_109_v2 (45).wav,Bird
data/processed/audio/Sheep/animal_sounds_caoofficial_koyun_6.wav,Sheep
data/processed/audio/Frog/animal_sounds_ggquang_3-71964-C.wav,Frog
data/processed/audio/Dog/animal_sounds_caoofficial_dog_2.wav,Dog
data/processed/audio/Sheep/animal_sounds_caoofficial_koyun_12.wav,Sheep
data/processed/audio/Cat/animal_sounds_caoofficial_cat_106.wav,Cat
data/processed/audio/Dog/animal_sounds_caoofficial_dog_92.wav,Dog
data/processed/audio/Cat/animal_sounds_caoofficial_cat_98.wav,Cat
data/processed/audio/Frog/animal_sounds_ggquang_2-52085-B.wav,Frog
data/processed/audio/Sheep/animal_sounds_caoofficial_koyun_27.wav,Sheep
data/processed/audio/Dog/animal_sounds_ggquang_dog_7 (2).wav,Dog
data/processed/audio/Dog/animal_sounds_ggquang_Dog_46.wav,Dog
data/processed/audio/Sheep/animal_sounds_caoofficial_koyun_18.wav,Sheep
data/processed/audio/Dog/animal_sounds_caoofficial_dog_143.wav,Dog
data/processed/audio/Dog/animal_sounds_ggquang_dog_29 (3).wav,Dog
data/processed/audio/Dog/animal_sounds_caoofficial_dog_148.wav,Dog
data/processed/audio/Cat/animal_sounds_caoofficial_cat_90.wav,Cat
data/processed/audio/Cow/animal_sounds_ggquang_inek_54.wav,Cow
data/processed/audio/Bird/animal_sounds_caoofficial_Kus_96.wav,Bird
data/processed/audio/Dog/animal_sounds_caoofficial_dog_108.wav,Dog
data/processed/audio/Sheep/animal_sounds_caoofficial_koyun_1.wav,Sheep
data/processed/audio/Dog/animal_sounds_caoofficial_dog_176.wav,Dog
data/processed/audio/Cow/animal_sounds_ggquang_Cow_4.wav,Cow
data/processed/audio/Dog/animal_sounds_caoofficial_dog_40.wav,Dog
data/processed/audio/Bird/animal_sounds_caoofficial_Kus_92.wav,Bird
data/processed/audio/Cow/animal_sounds_caoofficial_inek_29.wav,Cow
data/processed/audio/Dog/animal_sounds_caoofficial_dog_27.wav,Dog
data/processed/audio/Cow/animal_sounds_caoofficial_inek_64.wav,Cow
data/processed/audio/Chicken/animal_sounds_caoofficial_tavuk_30.wav,Chicken
data/processed/audio/Cat/animal_sounds_caoofficial_cat_184.wav,Cat
data/processed/audio/Cat/animal_sounds_caoofficial_cat_83.wav,Cat
data/processed/audio/Bird/animal_sounds_caoofficial_Kus_70.wav,Bird
data/processed/audio/Dog/animal_sounds_ggquang_dog_39 (2).wav,Dog
data/processed/audio/Frog/animal_sounds_ggquang_Frog_22.wav,Frog
data/processed/audio/Cat/animal_sounds_caoofficial_cat_79.wav,Cat
data/processed/audio/Dog/animal_sounds_caoofficial_dog_80.wav,Dog
data/processed/audio/Frog/animal_sounds_ggquang_kurbaga_12.wav,Frog
data/processed/audio/Dog/animal_sounds_caoofficial_dog_141.wav,Dog
data/processed/audio/Dog/animal_sounds_caoofficial_dog_100.wav,Dog
data/processed/audio/Cow/animal_sounds_caoofficial_inek_1.wav,Cow
data/processed/audio/Dog/animal_sounds_caoofficial_dog_57.wav,Dog
data/processed/audio/Cow/animal_sounds_ggquang_Cow_12.wav,Cow
data/processed/audio/Dog/animal_sounds_caoofficial_dog_62.wav,Dog
data/processed/audio/Frog/animal_sounds_ggquang_Frog_45.wav,Frog
data/processed/audio/Dog/animal_sounds_caoofficial_dog_189.wav,Dog
data/processed/audio/Bird/animal_sounds_caoofficial_Kus_109_v2 (50).wav,Bird
data/processed/audio/Dog/animal_sounds_ggquang_Dog_19.wav,Dog
data/processed/audio/Cat/animal_sounds_caoofficial_cat_152.wav,Cat
data/processed/audio/Dog/animal_sounds_ggquang_Dog_21.wav,Dog
data/processed/audio/Dog/animal_sounds_caoofficial_dog_26.wav,Dog
data/processed/audio/Dog/animal_sounds_caoofficial_dog_130.wav,Dog
data/processed/audio/Sheep/animal_sounds_caoofficial_koyun_8.wav,Sheep
data/processed/audio/Cow/animal_sounds_ggquang_inek_8.wav,Cow
data/processed/audio/Bird/animal_sounds_caoofficial_Kus_109_v2 (77).wav,Bird
data/processed/audio/Bird/animal_sounds_caoofficial_Kus_109_v2 (63).wav,Bird
data/processed/audio/Frog/animal_sounds_caoofficial_kurbaga_1.wav,Frog
data/processed/audio/Frog/animal_sounds_ggquang_Frog_18.wav,Frog
data/processed/audio/Dog/animal_sounds_caoofficial_dog_172.wav,Dog
data/processed/audio/Cat/animal_sounds_caoofficial_cat_192.wav,Cat
data/processed/audio/Bird/animal_sounds_caoofficial_Kus_72.wav,Bird
data/processed/audio/Dog/animal_sounds_caoofficial_dog_39.wav,Dog
data/processed/audio/Bird/animal_sounds_caoofficial_Kus_109_v2 (75).wav,Bird
data/processed/audio/Dog/animal_sounds_caoofficial_dog_71.wav,Dog
data/processed/audio/Dog/animal_sounds_caoofficial_dog_61.wav,Dog
data/processed/audio/Bird/animal_sounds_caoofficial_Kus_34.wav,Bird
data/processed/audio/Sheep/animal_sounds_caoofficial_koyun_34.wav,Sheep
data/processed/audio/Cow/animal_sounds_ggquang_4-213915-A.wav,Cow
data/processed/audio/Cat/animal_sounds_caoofficial_cat_187.wav,Cat
data/processed/audio/Cow/animal_sounds_ggquang_Cow_41.wav,Cow
data/processed/audio/Dog/animal_sounds_ggquang_Dog_42.wav,Dog
data/processed/audio/Dog/animal_sounds_caoofficial_dog_187.wav,Dog
data/processed/audio/Cow/animal_sounds_ggquang_inek_33.wav,Cow
data/processed/audio/Dog/animal_sounds_ggquang_5-213855-A.wav,Dog
data/processed/audio/Frog/animal_sounds_ggquang_Frog_9.wav,Frog
data/processed/audio/Bird/animal_sounds_caoofficial_Kus_109_v2 (46).wav,Bird
data/processed/audio/Dog/animal_sounds_caoofficial_dog_200.wav,Dog
data/processed/audio/Cat/animal_sounds_caoofficial_cat_197.wav,Cat
data/processed/audio/Monkey/animal_sounds_caoofficial_maymun_20.wav,Monkey
data/processed/audio/Bird/animal_sounds_caoofficial_Kus_109_v2 (34).wav,Bird
data/processed/audio/Dog/animal_sounds_ggquang_dog_11 (2).wav,Dog
data/processed/audio/Cat/animal_sounds_caoofficial_cat_61.wav,Cat
data/processed/audio/Chicken/animal_sounds_caoofficial_tavuk_18.wav,Chicken
data/processed/audio/Bird/animal_sounds_caoofficial_Kus_3.wav,Bird
data/processed/audio/Bird/animal_sounds_caoofficial_Kus_109_v2 (84).wav,Bird
data/processed/audio/Dog/animal_sounds_caoofficial_dog_76.wav,Dog
data/processed/audio/Dog/animal_sounds_caoofficial_dog_42.wav,Dog
data/processed/audio/Cow/animal_sounds_ggquang_Cow_19.wav,Cow
data/processed/audio/Bird/animal_sounds_caoofficial_Kus_109_v2 (98).wav,Bird
data/processed/audio/Chicken/animal_sounds_caoofficial_tavuk_3.wav,Chicken
data/processed/audio/Sheep/animal_sounds_caoofficial_koyun_32.wav,Sheep
data/processed/audio/Cow/animal_sounds_ggquang_Cow_2.wav,Cow
data/processed/audio/Cat/animal_sounds_caoofficial_cat_115.wav,Cat
data/processed/audio/Cat/animal_sounds_caoofficial_cat_198.wav,Cat
data/processed/audio/Cat/animal_sounds_caoofficial_cat_188.wav,Cat
data/processed/audio/Cat/animal_sounds_caoofficial_cat_18.wav,Cat
data/processed/audio/Frog/animal_sounds_ggquang_Frog_7.wav,Frog
data/processed/audio/Cow/animal_sounds_ggquang_Cow_38.wav,Cow
data/processed/audio/Bird/animal_sounds_caoofficial_Kus_20.wav,Bird
data/processed/audio/Cow/animal_sounds_ggquang_archivo (4).wav,Cow
data/processed/audio/Dog/animal_sounds_caoofficial_dog_179.wav,Dog
data/processed/audio/Sheep/animal_sounds_caoofficial_koyun_22.wav,Sheep
data/processed/audio/Frog/animal_sounds_ggquang_4-99644-A.wav,Frog
data/processed/audio/Bird/animal_sounds_caoofficial_Kus_76.wav,Bird
data/processed/audio/Dog/animal_sounds_caoofficial_dog_126.wav,Dog
data/processed/audio/Cow/animal_sounds_ggquang_4-213915-B.wav,Cow
data/processed/audio/Donkey/animal_sounds_caoofficial_esek_14.wav,Donkey
data/processed/audio/Cat/animal_sounds_caoofficial_cat_117.wav,Cat
data/processed/audio/Sheep/animal_sounds_caoofficial_koyun_37.wav,Sheep
data/processed/audio/Cat/animal_sounds_caoofficial_cat_49.wav,Cat
data/processed/audio/Bird/animal_sounds_caoofficial_Kus_109_v2 (52).wav,Bird
data/processed/audio/Bird/animal_sounds_caoofficial_Kus_109_v2 (7).wav,Bird
data/processed/audio/Cow/animal_sounds_caoofficial_inek_18.wav,Cow
data/processed/audio/Bird/animal_sounds_caoofficial_Kus_109_v2 (27).wav,Bird
data/processed/audio/Dog/animal_sounds_caoofficial_dog_120.wav,Dog
data/processed/audio/Bird/animal_sounds_caoofficial_Kus_59.wav,Bird
data/processed/audio/Frog/animal_sounds_ggquang_Frog_31.wav,Frog
data/processed/audio/Bird/animal_sounds_caoofficial_Kus_15.wav,Bird
data/processed/audio/Bird/animal_sounds_caoofficial_Kus_109_v2 (59).wav,Bird
data/processed/audio/Lion/animal_sounds_caoofficial_aslan_37.wav,Lion
data/processed/audio/Donkey/animal_sounds_caoofficial_esek_12.wav,Donkey
data/processed/audio/Dog/animal_sounds_caoofficial_dog_121.wav,Dog
data/processed/audio/Frog/animal_sounds_ggquang_5-156026-D.wav,Frog
data/processed/audio/Dog/animal_sounds_ggquang_dog_5 (2).wav,Dog
data/processed/audio/Cow/animal_sounds_caoofficial_inek_25.wav,Cow
data/processed/audio/Frog/animal_sounds_ggquang_4-99644-C.wav,Frog
data/processed/audio/Cat/animal_sounds_caoofficial_cat_73.wav,Cat
data/processed/audio/Lion/animal_sounds_caoofficial_aslan_26.wav,Lion
data/processed/audio/Dog/animal_sounds_caoofficial_dog_194.wav,Dog
data/processed/audio/Frog/animal_sounds_ggquang_3-70962-A.wav,Frog
data/processed/audio/Dog/animal_sounds_caoofficial_dog_85.wav,Dog
data/processed/audio/Cat/animal_sounds_caoofficial_cat_158.wav,Cat
data/processed/audio/Cat/animal_sounds_caoofficial_cat_141.wav,Cat
data/processed/audio/Cow/animal_sounds_caoofficial_inek_6.wav,Cow
data/processed/audio/Bird/animal_sounds_caoofficial_Kus_109_v2 (55).wav,Bird
data/processed/audio/Dog/animal_sounds_caoofficial_dog_67.wav,Dog
data/processed/audio/Dog/animal_sounds_caoofficial_dog_154.wav,Dog
data/processed/audio/Bird/animal_sounds_caoofficial_Kus_109_v2 (57).wav,Bird
data/processed/audio/Bird/animal_sounds_caoofficial_Kus_17.wav,Bird
data/processed/audio/Dog/animal_sounds_ggquang_dog_36 (2).wav,Dog
data/processed/audio/Dog/animal_sounds_ggquang_dog_6 (2).wav,Dog
data/processed/audio/Monkey/animal_sounds_caoofficial_maymun_21.wav,Monkey
data/processed/audio/Cat/animal_sounds_caoofficial_cat_169.wav,Cat
data/processed/audio/Cow/animal_sounds_caoofficial_inek_53.wav,Cow
data/processed/audio/Cow/animal_sounds_ggquang_5-202795-A.wav,Cow
data/processed/audio/Frog/animal_sounds_ggquang_1-17970-A.wav,Frog
data/processed/audio/Cat/animal_sounds_caoofficial_cat_38.wav,Cat
data/processed/audio/Dog/animal_sounds_caoofficial_dog_140.wav,Dog
data/processed/audio/Dog/animal_sounds_ggquang_dog_30 (2).wav,Dog
data/processed/audio/Sheep/animal_sounds_caoofficial_koyun_4.wav,Sheep
data/processed/audio/Cow/animal_sounds_ggquang_Cow_10.wav,Cow
data/processed/audio/Cat/animal_sounds_caoofficial_cat_39.wav,Cat
data/processed/audio/Dog/animal_sounds_caoofficial_dog_93.wav,Dog
data/processed/audio/Dog/animal_sounds_caoofficial_dog_177.wav,Dog
data/processed/audio/Cow/animal_sounds_caoofficial_inek_14.wav,Cow
data/processed/audio/Dog/animal_sounds_ggquang_Dog_31.wav,Dog
data/processed/audio/Dog/animal_sounds_caoofficial_dog_29.wav,Dog
data/processed/audio/Dog/animal_sounds_ggquang_5-231762-A.wav,Dog
data/processed/audio/Cat/animal_sounds_caoofficial_cat_54.wav,Cat
data/processed/audio/Dog/animal_sounds_ggquang_dog_21 (2).wav,Dog
data/processed/audio/Dog/animal_sounds_caoofficial_dog_79.wav,Dog
data/processed/audio/Cat/animal_sounds_caoofficial_cat_50.wav,Cat
data/processed/audio/Cow/animal_sounds_ggquang_Cow_35.wav,Cow
data/processed/audio/Sheep/animal_sounds_caoofficial_koyun_23.wav,Sheep
data/processed/audio/Sheep/animal_sounds_caoofficial_koyun_10.wav,Sheep
data/processed/audio/Cat/animal_sounds_caoofficial_cat_107.wav,Cat
data/processed/audio/Cow/animal_sounds_ggquang_2-103424-A.wav,Cow
data/processed/audio/Chicken/animal_sounds_caoofficial_tavuk_5.wav,Chicken
data/processed/audio/Dog/animal_sounds_ggquang_dog_4 (2).wav,Dog
data/processed/audio/Dog/animal_sounds_ggquang_4-192236-A.wav,Dog
data/processed/audio/Bird/animal_sounds_caoofficial_Kus_98.wav,Bird
data/processed/audio/Cow/animal_sounds_ggquang_Cow_45.wav,Cow
data/processed/audio/Cat/animal_sounds_caoofficial_cat_135.wav,Cat
data/processed/audio/Cat/animal_sounds_caoofficial_cat_108.wav,Cat
data/processed/audio/Dog/animal_sounds_ggquang_dog_35 (2).wav,Dog
data/processed/audio/Dog/animal_sounds_caoofficial_dog_103.wav,Dog
data/processed/audio/Bird/animal_sounds_caoofficial_Kus_109_v2 (15).wav,Bird
data/processed/audio/Bird/animal_sounds_caoofficial_Kus_51.wav,Bird
data/processed/audio/Donkey/animal_sounds_caoofficial_esek_7.wav,Donkey
data/processed/audio/Donkey/animal_sounds_caoofficial_esek_6.wav,Donkey
data/processed/audio/Frog/animal_sounds_ggquang_Frog_50.wav,Frog
data/processed/audio/Dog/animal_sounds_caoofficial_dog_89.wav,Dog
data/processed/audio/Dog/animal_sounds_ggquang_dog_42 (3).wav,Dog
data/processed/audio/Dog/animal_sounds_caoofficial_dog_112.wav,Dog
data/processed/audio/Frog/animal_sounds_ggquang_5-237499-A.wav,Frog
data/processed/audio/Donkey/animal_sounds_caoofficial_esek_24.wav,Donkey
data/processed/audio/Dog/animal_sounds_ggquang_dog_26 (2).wav,Dog
data/processed/audio/Cat/animal_sounds_caoofficial_cat_180.wav,Cat
data/processed/audio/Dog/animal_sounds_ggquang_4-183992-A.wav,Dog
data/processed/audio/Dog/animal_sounds_ggquang_dog_6 (3).wav,Dog
data/processed/audio/Dog/animal_sounds_caoofficial_dog_188.wav,Dog
data/processed/audio/Frog/animal_sounds_ggquang_1-31836-B.wav,Frog
data/processed/audio/Chicken/animal_sounds_caoofficial_tavuk_4.wav,Chicken
data/processed/audio/Cow/animal_sounds_ggquang_5-242492-A.wav,Cow
data/processed/audio/Bird/animal_sounds_caoofficial_Kus_40.wav,Bird
data/processed/audio/Cow/animal_sounds_ggquang_3-163727-A.wav,Cow
data/processed/audio/Cat/animal_sounds_caoofficial_cat_129.wav,Cat
data/processed/audio/Cow/animal_sounds_caoofficial_inek_43.wav,Cow
data/processed/audio/Chicken/animal_sounds_caoofficial_tavuk_23.wav,Chicken
data/processed/audio/Cat/animal_sounds_caoofficial_cat_7.wav,Cat
data/processed/audio/Cat/animal_sounds_caoofficial_cat_195.wav,Cat
data/processed/audio/Bird/animal_sounds_caoofficial_Kus_61.wav,Bird
data/processed/audio/Bird/animal_sounds_caoofficial_Kus_45.wav,Bird
data/processed/audio/Cow/animal_sounds_caoofficial_inek_40.wav,Cow
data/processed/audio/Dog/animal_sounds_ggquang_dog_2 (2).wav,Dog
data/processed/audio/Cow/animal_sounds_ggquang_Cow_25.wav,Cow
data/processed/audio/Dog/animal_sounds_caoofficial_dog_152.wav,Dog
data/processed/audio/Sheep/animal_sounds_caoofficial_koyun_20.wav,Sheep
data/processed/audio/Cat/animal_sounds_caoofficial_cat_162.wav,Cat
data/processed/audio/Cat/animal_sounds_caoofficial_cat_186.wav,Cat
data/processed/audio/Bird/animal_sounds_caoofficial_Kus_109_v2 (65).wav,Bird
data/processed/audio/Lion/animal_sounds_caoofficial_aslan_24.wav,Lion
data/processed/audio/Dog/animal_sounds_caoofficial_dog_94.wav,Dog
data/processed/audio/Monkey/animal_sounds_caoofficial_maymun_25.wav,Monkey
data/processed/audio/Cow/animal_sounds_caoofficial_inek_52.wav,Cow
data/processed/audio/Cat/animal_sounds_caoofficial_cat_20.wav,Cat
data/processed/audio/Bird/animal_sounds_caoofficial_Kus_109_v2 (93).wav,Bird
data/processed/audio/Bird/animal_sounds_caoofficial_Kus_85.wav,Bird
data/processed/audio/Cat/animal_sounds_caoofficial_cat_176.wav,Cat
data/processed/audio/Cat/animal_sounds_caoofficial_cat_127.wav,Cat
data/processed/audio/Bird/animal_sounds_caoofficial_Kus_66.wav,Bird
data/processed/audio/Cow/animal_sounds_caoofficial_inek_39.wav,Cow
data/processed/audio/Cat/animal_sounds_caoofficial_cat_118.wav,Cat
data/processed/audio/Frog/animal_sounds_caoofficial_kurbaga_21.wav,Frog
data/processed/audio/Bird/animal_sounds_caoofficial_Kus_6.wav,Bird
data/processed/audio/Cat/animal_sounds_caoofficial_cat_64.wav,Cat
data/processed/audio/Dog/animal_sounds_caoofficial_dog_11.wav,Dog
data/processed/audio/Frog/animal_sounds_ggquang_1-31836-A.wav,Frog
data/processed/audio/Cat/animal_sounds_caoofficial_cat_177.wav,Cat
data/processed/audio/Bird/animal_sounds_caoofficial_Kus_99.wav,Bird
data/processed/audio/Frog/animal_sounds_caoofficial_kurbaga_9.wav,Frog
data/processed/audio/Lion/animal_sounds_caoofficial_aslan_22.wav,Lion
data/processed/audio/Lion/animal_sounds_caoofficial_aslan_34.wav,Lion
data/processed/audio/Cat/animal_sounds_caoofficial_cat_3.wav,Cat
data/processed/audio/Cow/animal_sounds_caoofficial_inek_20.wav,Cow
data/processed/audio/Cat/animal_sounds_caoofficial_cat_139.wav,Cat
data/processed/audio/Cat/animal_sounds_caoofficial_cat_82.wav,Cat
data/processed/audio/Lion/animal_sounds_caoofficial_aslan_44.wav,Lion
data/processed/audio/Cow/animal_sounds_ggquang_Cow_30.wav,Cow
data/processed/audio/Frog/animal_sounds_ggquang_3-71964-A.wav,Frog
data/processed/audio/Dog/animal_sounds_ggquang_Dog_36.wav,Dog
data/processed/audio/Monkey/animal_sounds_caoofficial_maymun_18.wav,Monkey
data/processed/audio/Cat/animal_sounds_caoofficial_cat_56.wav,Cat
data/processed/audio/Dog/animal_sounds_ggquang_Dog_32.wav,Dog
data/processed/audio/Frog/animal_sounds_caoofficial_kurbaga_26.wav,Frog
data/processed/audio/Frog/animal_sounds_ggquang_Frog_44.wav,Frog
data/processed/audio/Frog/animal_sounds_caoofficial_kurbaga_16.wav,Frog
data/processed/audio/Frog/animal_sounds_caoofficial_kurbaga_7.wav,Frog
data/processed/audio/Frog/animal_sounds_caoofficial_kurbaga_4.wav,Frog
data/processed/audio/Cow/animal_sounds_ggquang_inek_26.wav,Cow
data/processed/audio/Dog/animal_sounds_caoofficial_dog_178.wav,Dog
data/processed/audio/Cow/animal_sounds_ggquang_Cow_11.wav,Cow
data/processed/audio/Dog/animal_sounds_ggquang_dog_7 (3).wav,Dog
data/processed/audio/Bird/animal_sounds_caoofficial_Kus_8.wav,Bird
data/processed/audio/Cow/animal_sounds_caoofficial_inek_70.wav,Cow
data/processed/audio/Dog/animal_sounds_ggquang_Dog_35.wav,Dog
data/processed/audio/Cat/animal_sounds_caoofficial_cat_167.wav,Cat
data/processed/audio/Cow/animal_sounds_ggquang_Cow_6.wav,Cow
data/processed/audio/Dog/animal_sounds_ggquang_2-118964-A.wav,Dog
data/processed/audio/Bird/animal_sounds_caoofficial_Kus_109_v2 (86).wav,Bird
data/processed/audio/Dog/animal_sounds_caoofficial_dog_128.wav,Dog
data/processed/audio/Dog/animal_sounds_ggquang_Dog_28.wav,Dog
data/processed/audio/Chicken/animal_sounds_caoofficial_tavuk_14.wav,Chicken
data/processed/audio/Cow/animal_sounds_caoofficial_inek_30.wav,Cow
data/processed/audio/Frog/animal_sounds_caoofficial_kurbaga_27.wav,Frog
data/processed/audio/Monkey/animal_sounds_caoofficial_maymun_9.wav,Monkey
data/processed/audio/Lion/animal_sounds_caoofficial_aslan_7.wav,Lion
data/processed/audio/Cat/animal_sounds_caoofficial_cat_37.wav,Cat
data/processed/audio/Cat/animal_sounds_caoofficial_cat_159.wav,Cat
data/processed/audio/Bird/animal_sounds_caoofficial_Kus_109_v2 (6).wav,Bird
data/processed/audio/Cow/animal_sounds_ggquang_2-117795-A.wav,Cow
data/processed/audio/Donkey/animal_sounds_caoofficial_esek_3.wav,Donkey
data/processed/audio/Dog/animal_sounds_caoofficial_dog_181.wav,Dog
data/processed/audio/Lion/animal_sounds_caoofficial_aslan_31.wav,Lion
data/processed/audio/Frog/animal_sounds_caoofficial_kurbaga_17.wav,Frog
data/processed/audio/Dog/animal_sounds_caoofficial_dog_33.wav,Dog
data/processed/audio/Cow/animal_sounds_caoofficial_inek_68.wav,Cow
data/processed/audio/Cat/animal_sounds_caoofficial_cat_33.wav,Cat
data/processed/audio/Chicken/animal_sounds_caoofficial_tavuk_2.wav,Chicken
data/processed/audio/Frog/animal_sounds_ggquang_Frog_34.wav,Frog
data/processed/audio/Cat/animal_sounds_caoofficial_cat_81.wav,Cat
data/processed/audio/Dog/animal_sounds_ggquang_3-163459-A.wav,Dog
data/processed/audio/Bird/animal_sounds_caoofficial_Kus_109_v2 (81).wav,Bird
data/processed/audio/Bird/animal_sounds_caoofficial_Kus_35.wav,Bird
data/processed/audio/Dog/animal_sounds_caoofficial_dog_146.wav,Dog
data/processed/audio/Dog/animal_sounds_caoofficial_dog_90.wav,Dog
data/processed/audio/Donkey/animal_sounds_caoofficial_esek_11.wav,Donkey
data/processed/audio/Dog/animal_sounds_ggquang_dog_18 (2).wav,Dog
data/processed/audio/Cat/animal_sounds_caoofficial_cat_153.wav,Cat
data/processed/audio/Cow/animal_sounds_ggquang_Cow_32.wav,Cow
data/processed/audio/Cow/animal_sounds_ggquang_Cow_44.wav,Cow
data/processed/audio/Frog/animal_sounds_caoofficial_kurbaga_19.wav,Frog
data/processed/audio/Dog/animal_sounds_ggquang_2-122104-B.wav,Dog
data/processed/audio/Bird/animal_sounds_caoofficial_Kus_43.wav,Bird
data/processed/audio/Cat/animal_sounds_caoofficial_cat_182.wav,Cat
data/processed/audio/Frog/animal_sounds_caoofficial_kurbaga_12.wav,Frog
data/processed/audio/Bird/animal_sounds_caoofficial_Kus_46.wav,Bird
data/processed/audio/Cow/animal_sounds_ggquang_Cow_46.wav,Cow
data/processed/audio/Dog/animal_sounds_caoofficial_dog_70.wav,Dog
data/processed/audio/Dog/animal_sounds_caoofficial_dog_9.wav,Dog
data/processed/audio/Bird/animal_sounds_caoofficial_Kus_44.wav,Bird
data/processed/audio/Sheep/animal_sounds_caoofficial_koyun_33.wav,Sheep
data/processed/audio/Dog/animal_sounds_ggquang_dog_29 (2).wav,Dog
data/processed/audio/Cat/animal_sounds_caoofficial_cat_120.wav,Cat
data/processed/audio/Cow/animal_sounds_ggquang_Cow_5.wav,Cow
data/processed/audio/Cat/animal_sounds_caoofficial_cat_166.wav,Cat
data/processed/audio/Dog/animal_sounds_ggquang_dog_41 (2).wav,Dog
data/processed/audio/Cow/animal_sounds_ggquang_5-253085-A.wav,Cow
data/processed/audio/Cat/animal_sounds_caoofficial_cat_78.wav,Cat
data/processed/audio/Dog/animal_sounds_ggquang_dog_15 (2).wav,Dog
data/processed/audio/Chicken/animal_sounds_caoofficial_tavuk_28.wav,Chicken
data/processed/audio/Cow/animal_sounds_ggquang_inek_5.wav,Cow
data/processed/audio/Dog/animal_sounds_caoofficial_dog_142.wav,Dog
data/processed/audio/Dog/animal_sounds_caoofficial_dog_191.wav,Dog
data/processed/audio/Dog/animal_sounds_caoofficial_dog_95.wav,Dog
data/processed/audio/Cow/animal_sounds_ggquang_4-181955-C.wav,Cow
data/processed/audio/Dog/animal_sounds_caoofficial_dog_101.wav,Dog
data/processed/audio/Cat/animal_sounds_caoofficial_cat_47.wav,Cat
data/processed/audio/Cow/animal_sounds_ggquang_3-126358-A.wav,Cow
data/processed/audio/Dog/animal_sounds_ggquang_Dog_37.wav,Dog
data/processed/audio/Cat/animal_sounds_caoofficial_cat_28.wav,Cat
data/processed/audio/Cat/animal_sounds_caoofficial_cat_59.wav,Cat
data/processed/audio/Frog/animal_sounds_ggquang_Frog_41.wav,Frog
data/processed/audio/Frog/animal_sounds_caoofficial_kurbaga_6.wav,Frog
data/processed/audio/Dog/animal_sounds_ggquang_Dog_40.wav,Dog
data/processed/audio/Bird/animal_sounds_caoofficial_Kus_109_v2 (41).wav,Bird
data/processed/audio/Bird/animal_sounds_caoofficial_Kus_109_v2 (33).wav,Bird
data/processed/audio/Cat/animal_sounds_caoofficial_cat_137.wav,Cat
data/processed/audio/Cow/animal_sounds_ggquang_1-202111-A.wav,Cow
data/processed/audio/Bird/animal_sounds_caoofficial_Kus_41.wav,Bird
data/processed/audio/Cat/animal_sounds_caoofficial_cat_199.wav,Cat
data/processed/audio/Frog/animal_sounds_ggquang_1-18757-A.wav,Frog
data/processed/audio/Cow/animal_sounds_ggquang_Cow_13.wav,Cow
data/processed/audio/Frog/animal_sounds_ggquang_Frog_32.wav,Frog
data/processed/audio/Sheep/animal_sounds_caoofficial_koyun_38.wav,Sheep
data/processed/audio/Bird/animal_sounds_caoofficial_Kus_109_v2 (1).wav,Bird
data/processed/audio/Bird/animal_sounds_caoofficial_Kus_19.wav,Bird
data/processed/audio/Dog/animal_sounds_caoofficial_dog_127.wav,Dog
data/processed/audio/Frog/animal_sounds_ggquang_Frog_20.wav,Frog
data/processed/audio/Dog/animal_sounds_caoofficial_dog_18.wav,Dog
data/processed/audio/Dog/animal_sounds_ggquang_Dog_2.wav,Dog
data/processed/audio/Lion/animal_sounds_caoofficial_aslan_12.wav,Lion
data/processed/audio/Lion/animal_sounds_caoofficial_aslan_1.wav,Lion
data/processed/audio/Cat/animal_sounds_caoofficial_cat_21.wav,Cat
data/processed/audio/Lion/animal_sounds_caoofficial_aslan_8.wav,Lion
data/processed/audio/Cat/animal_sounds_caoofficial_cat_26.wav,Cat
data/processed/audio/Frog/animal_sounds_caoofficial_kurbaga_2.wav,Frog
data/processed/audio/Chicken/animal_sounds_caoofficial_tavuk_21.wav,Chicken
data/processed/audio/Bird/animal_sounds_caoofficial_Kus_109_v2 (100).wav,Bird
data/processed/audio/Bird/animal_sounds_caoofficial_Kus_109_v2 (97).wav,Bird
data/processed/audio/Dog/animal_sounds_caoofficial_dog_59.wav,Dog
data/processed/audio/Dog/animal_sounds_caoofficial_dog_88.wav,Dog
data/processed/audio/Cow/animal_sounds_ggquang_4-174860-A.wav,Cow
data/processed/audio/Donkey/animal_sounds_caoofficial_esek_23.wav,Donkey
data/processed/audio/Cat/animal_sounds_caoofficial_cat_66.wav,Cat
data/processed/audio/Dog/animal_sounds_caoofficial_dog_185.wav,Dog
data/processed/audio/Cat/animal_sounds_caoofficial_cat_68.wav,Cat
data/processed/audio/Cat/animal_sounds_caoofficial_cat_123.wav,Cat
data/processed/audio/Cat/animal_sounds_caoofficial_cat_94.wav,Cat
data/processed/audio/Dog/animal_sounds_caoofficial_dog_166.wav,Dog
data/processed/audio/Dog/animal_sounds_ggquang_Dog_18.wav,Dog
data/processed/audio/Dog/animal_sounds_caoofficial_dog_137.wav,Dog
data/processed/audio/Bird/animal_sounds_caoofficial_Kus_109_v2 (66).wav,Bird
data/processed/audio/Bird/animal_sounds_caoofficial_Kus_109_v2 (67).wav,Bird
data/processed/audio/Dog/animal_sounds_caoofficial_dog_30.wav,Dog
data/processed/audio/Cat/animal_sounds_caoofficial_cat_109.wav,Cat
data/processed/audio/Bird/animal_sounds_caoofficial_Kus_109_v2 (17).wav,Bird
data/processed/audio/Cow/animal_sounds_ggquang_archivo (5).wav,Cow
data/processed/audio/Donkey/animal_sounds_caoofficial_esek_22.wav,Donkey
data/processed/audio/Cat/animal_sounds_caoofficial_cat_189.wav,Cat
data/processed/audio/Cow/animal_sounds_caoofficial_inek_60.wav,Cow
data/processed/audio/Dog/animal_sounds_ggquang_1-110389-A.wav,Dog
data/processed/audio/Frog/animal_sounds_ggquang_Frog_5.wav,Frog
data/processed/audio/Dog/animal_sounds_caoofficial_dog_136.wav,Dog
data/processed/audio/Frog/animal_sounds_ggquang_kurbaga_35.wav,Frog
data/processed/audio/Lion/animal_sounds_caoofficial_aslan_9.wav,Lion
data/processed/audio/Lion/animal_sounds_caoofficial_aslan_13.wav,Lion
data/processed/audio/Dog/animal_sounds_ggquang_dog_15 (3).wav,Dog
data/processed/audio/Dog/animal_sounds_caoofficial_dog_24.wav,Dog
data/processed/audio/Lion/animal_sounds_caoofficial_aslan_33.wav,Lion
data/processed/audio/Dog/animal_sounds_caoofficial_dog_23.wav,Dog
data/processed/audio/Cow/animal_sounds_ggquang_inek_41.wav,Cow
data/processed/audio/Frog/animal_sounds_ggquang_Frog_13.wav,Frog
data/processed/audio/Cat/animal_sounds_caoofficial_cat_165.wav,Cat
data/processed/audio/Chicken/animal_sounds_caoofficial_tavuk_8.wav,Chicken
data/processed/audio/Cat/animal_sounds_caoofficial_cat_65.wav,Cat
data/processed/audio/Cat/animal_sounds_caoofficial_cat_132.wav,Cat
data/processed/audio/Dog/animal_sounds_ggquang_Dog_27.wav,Dog
data/processed/audio/Bird/animal_sounds_caoofficial_Kus_100.wav,Bird
data/processed/audio/Bird/animal_sounds_caoofficial_Kus_109_v2 (11).wav,Bird
data/processed/audio/Cow/animal_sounds_caoofficial_inek_56.wav,Cow
data/processed/audio/Cat/animal_sounds_caoofficial_cat_2.wav,Cat
data/processed/audio/Lion/animal_sounds_caoofficial_aslan_15.wav,Lion
data/processed/audio/Dog/animal_sounds_caoofficial_dog_190.wav,Dog
data/processed/audio/Cow/animal_sounds_ggquang_4-213915-C.wav,Cow
data/processed/audio/Frog/animal_sounds_ggquang_5-156026-C.wav,Frog
data/processed/audio/Dog/animal_sounds_ggquang_dog_36 (3).wav,Dog
data/processed/audio/Cat/animal_sounds_caoofficial_cat_112.wav,Cat
data/processed/audio/Cow/animal_sounds_caoofficial_inek_17.wav,Cow
data/processed/audio/Bird/animal_sounds_caoofficial_Kus_109_v2 (30).wav,Bird
data/processed/audio/Monkey/animal_sounds_caoofficial_maymun_4.wav,Monkey
data/processed/audio/Chicken/animal_sounds_caoofficial_tavuk_9.wav,Chicken
data/processed/audio/Chicken/animal_sounds_caoofficial_tavuk_7.wav,Chicken
data/processed/audio/Dog/animal_sounds_ggquang_4-191687-A.wav,Dog
data/processed/audio/Cow/animal_sounds_ggquang_3-152039-B.wav,Cow
data/processed/audio/Dog/animal_sounds_caoofficial_dog_48.wav,Dog
data/processed/audio/Frog/animal_sounds_ggquang_Frog_4.wav,Frog
data/processed/audio/Cow/animal_sounds_ggquang_Cow_36.wav,Cow
data/processed/audio/Cat/animal_sounds_caoofficial_cat_58.wav,Cat
data/processed/audio/Frog/animal_sounds_ggquang_Frog_26.wav,Frog
data/processed/audio/Cow/animal_sounds_caoofficial_inek_67.wav,Cow
data/processed/audio/Cat/animal_sounds_caoofficial_cat_15.wav,Cat
data/processed/audio/Cat/animal_sounds_caoofficial_cat_181.wav,Cat
data/processed/audio/Bird/animal_sounds_caoofficial_Kus_109_v2 (29).wav,Bird
data/processed/audio/Cat/animal_sounds_caoofficial_cat_41.wav,Cat
data/processed/audio/Dog/animal_sounds_caoofficial_dog_64.wav,Dog
data/processed/audio/Bird/animal_sounds_caoofficial_Kus_109_v2 (49).wav,Bird
data/processed/audio/Cat/animal_sounds_caoofficial_cat_25.wav,Cat
data/processed/audio/Bird/animal_sounds_caoofficial_Kus_14.wav,Bird
data/processed/audio/Frog/animal_sounds_ggquang_kurbaga_23.wav,Frog
data/processed/audio/Bird/animal_sounds_caoofficial_Kus_109_v2 (56).wav,Bird
data/processed/audio/Cow/animal_sounds_ggquang_Cow_24.wav,Cow
data/processed/audio/Cat/animal_sounds_caoofficial_cat_110.wav,Cat
data/processed/audio/Bird/animal_sounds_caoofficial_Kus_27.wav,Bird
data/processed/audio/Cow/animal_sounds_ggquang_inek_32.wav,Cow
data/processed/audio/Cow/animal_sounds_caoofficial_inek_54.wav,Cow
data/processed/audio/Dog/animal_sounds_ggquang_Dog_12.wav,Dog
data/processed/audio/Bird/animal_sounds_caoofficial_Kus_109_v2 (71).wav,Bird
data/processed/audio/Chicken/animal_sounds_caoofficial_tavuk_19.wav,Chicken
data/processed/audio/Dog/animal_sounds_caoofficial_dog_147.wav,Dog
data/processed/audio/Lion/animal_sounds_caoofficial_aslan_17.wav,Lion
data/processed/audio/Dog/animal_sounds_caoofficial_dog_84.wav,Dog
data/processed/audio/Cow/animal_sounds_caoofficial_inek_11.wav,Cow
data/processed/audio/Dog/animal_sounds_caoofficial_dog_151.wav,Dog
data/processed/audio/Dog/animal_sounds_ggquang_dog_9 (2).wav,Dog
data/processed/audio/Dog/animal_sounds_ggquang_5-203128-B.wav,Dog
data/processed/audio/Cow/animal_sounds_ggquang_Cow_8.wav,Cow
data/processed/audio/Donkey/animal_sounds_caoofficial_esek_25.wav,Donkey
data/processed/audio/Frog/animal_sounds_ggquang_kurbaga_30.wav,Frog
data/processed/audio/Cow/animal_sounds_ggquang_archivo (1).wav,Cow
data/processed/audio/Cat/animal_sounds_caoofficial_cat_31.wav,Cat
data/processed/audio/Frog/animal_sounds_ggquang_Frog_42.wav,Frog
data/processed/audio/Frog/animal_sounds_caoofficial_kurbaga_15.wav,Frog
data/processed/audio/Cat/animal_sounds_caoofficial_cat_23.wav,Cat
data/processed/audio/Dog/animal_sounds_caoofficial_dog_145.wav,Dog
data/processed/audio/Monkey/animal_sounds_caoofficial_maymun_15.wav,Monkey
data/processed/audio/Cow/animal_sounds_ggquang_Cow_3.wav,Cow
data/processed/audio/Dog/animal_sounds_ggquang_5-203128-A.wav,Dog
data/processed/audio/Frog/animal_sounds_ggquang_4-99644-D.wav,Frog
data/processed/audio/Dog/animal_sounds_caoofficial_dog_107.wav,Dog
data/processed/audio/Lion/animal_sounds_caoofficial_aslan_28.wav,Lion
data/processed/audio/Bird/animal_sounds_caoofficial_Kus_109_v2 (60).wav,Bird
data/processed/audio/Cow/animal_sounds_caoofficial_inek_12.wav,Cow
data/processed/audio/Dog/animal_sounds_caoofficial_dog_65.wav,Dog
data/processed/audio/Bird/animal_sounds_caoofficial_Kus_109_v2 (9).wav,Bird
data/processed/audio/Dog/animal_sounds_ggquang_dog_37 (2).wav,Dog
data/processed/audio/Cow/animal_sounds_caoofficial_inek_41.wav,Cow
data/processed/audio/Cat/animal_sounds_caoofficial_cat_55.wav,Cat
data/processed/audio/Frog/animal_sounds_ggquang_Frog_39.wav,Frog
data/processed/audio/Cat/animal_sounds_caoofficial_cat_171.wav,Cat
data/processed/audio/Dog/animal_sounds_caoofficial_dog_45.wav,Dog
data/processed/audio/Cow/animal_sounds_ggquang_Cow_9.wav,Cow
data/processed/audio/Cat/animal_sounds_caoofficial_cat_62.wav,Cat
data/processed/audio/Frog/animal_sounds_ggquang_Frog_49.wav,Frog
data/processed/audio/Cow/animal_sounds_ggquang_Cow_49.wav,Cow
data/processed/audio/Dog/animal_sounds_ggquang_dog_27 (2).wav,Dog
data/processed/audio/Cow/animal_sounds_ggquang_Cow_28.wav,Cow
data/processed/audio/Cow/animal_sounds_caoofficial_inek_57.wav,Cow
data/processed/audio/Cow/animal_sounds_ggquang_5-194899-B.wav,Cow
data/processed/audio/Dog/animal_sounds_caoofficial_dog_69.wav,Dog
data/processed/audio/Bird/animal_sounds_caoofficial_Kus_83.wav,Bird
data/processed/audio/Dog/animal_sounds_caoofficial_dog_168.wav,Dog
data/processed/audio/Cow/animal_sounds_ggquang_2-103423-A.wav,Cow
data/processed/audio/Bird/animal_sounds_caoofficial_Kus_18.wav,Bird
data/processed/audio/Cat/animal_sounds_caoofficial_cat_72.wav,Cat
data/processed/audio/Cow/animal_sounds_caoofficial_inek_35.wav,Cow
data/processed/audio/Cat/animal_sounds_caoofficial_cat_134.wav,Cat
data/processed/audio/Dog/animal_sounds_caoofficial_dog_52.wav,Dog
data/processed/audio/Dog/animal_sounds_caoofficial_dog_156.wav,Dog
data/processed/audio/Frog/animal_sounds_ggquang_Frog_24.wav,Frog
data/processed/audio/Cat/animal_sounds_caoofficial_cat_102.wav,Cat
data/processed/audio/Dog/animal_sounds_caoofficial_dog_55.wav,Dog
data/processed/audio/Frog/animal_sounds_caoofficial_kurbaga_5.wav,Frog
data/processed/audio/Cat/animal_sounds_caoofficial_cat_154.wav,Cat
data/processed/audio/Frog/animal_sounds_ggquang_Frog_48.wav,Frog
data/processed/audio/Monkey/animal_sounds_caoofficial_maymun_12.wav,Monkey
data/processed/audio/Cow/animal_sounds_ggquang_Cow_17.wav,Cow
data/processed/audio/Cat/animal_sounds_caoofficial_cat_44.wav,Cat
data/processed/audio/Dog/animal_sounds_caoofficial_dog_192.wav,Dog
data/processed/audio/Cow/animal_sounds_ggquang_Cow_7.wav,Cow
data/processed/audio/Cow/animal_sounds_ggquang_3-160993-A.wav,Cow
data/processed/audio/Bird/animal_sounds_caoofficial_Kus_84.wav,Bird
data/processed/audio/Bird/animal_sounds_caoofficial_Kus_42.wav,Bird
data/processed/audio/Monkey/animal_sounds_caoofficial_maymun_7.wav,Monkey
data/processed/audio/Dog/animal_sounds_caoofficial_dog_50.wav,Dog
data/processed/audio/Dog/animal_sounds_ggquang_Dog_4.wav,Dog
data/processed/audio/Bird/animal_sounds_caoofficial_Kus_109_v2 (79).wav,Bird
data/processed/audio/Dog/animal_sounds_ggquang_dog_28 (2).wav,Dog
data/processed/audio/Dog/animal_sounds_ggquang_Dog_1.wav,Dog
data/processed/audio/Dog/animal_sounds_ggquang_1-85362-A.wav,Dog
data/processed/audio/Bird/animal_sounds_caoofficial_Kus_109_v2 (32).wav,Bird
data/processed/audio/Dog/animal_sounds_caoofficial_dog_105.wav,Dog
data/processed/audio/Dog/animal_sounds_caoofficial_dog_10.wav,Dog
data/processed/audio/Cow/animal_sounds_caoofficial_inek_47.wav,Cow
data/processed/audio/Donkey/animal_sounds_caoofficial_esek_21.wav,Donkey
data/processed/audio/Bird/animal_sounds_caoofficial_Kus_68.wav,Bird
data/processed/audio/Cat/animal_sounds_caoofficial_cat_142.wav,Cat
data/processed/audio/Cat/animal_sounds_caoofficial_cat_196.wav,Cat
data/processed/audio/Donkey/animal_sounds_caoofficial_esek_2.wav,Donkey
data/processed/audio/Cow/animal_sounds_ggquang_3-124376-B.wav,Cow
data/processed/audio/Cat/animal_sounds_caoofficial_cat_4.wav,Cat
data/processed/audio/Bird/animal_sounds_caoofficial_Kus_109_v2 (94).wav,Bird
data/processed/audio/Cow/animal_sounds_ggquang_4-181955-B.wav,Cow
data/processed/audio/Dog/animal_sounds_caoofficial_dog_20.wav,Dog
data/processed/audio/Dog/animal_sounds_ggquang_dog_14 (3).wav,Dog
data/processed/audio/Frog/animal_sounds_ggquang_kurbaga_34.wav,Frog
data/processed/audio/Dog/animal_sounds_caoofficial_dog_32.wav,Dog
data/processed/audio/Cow/animal_sounds_ggquang_inek_43.wav,Cow
data/processed/audio/Frog/animal_sounds_ggquang_kurbaga_13.wav,Frog
data/processed/audio/Cat/animal_sounds_caoofficial_cat_191.wav,Cat
data/processed/audio/Frog/animal_sounds_caoofficial_kurbaga_23.wav,Frog
data/processed/audio/Cat/animal_sounds_caoofficial_cat_89.wav,Cat
data/processed/audio/Cat/animal_sounds_caoofficial_cat_130.wav,Cat
data/processed/audio/Dog/animal_sounds_ggquang_dog_17 (2).wav,Dog
data/processed/audio/Dog/animal_sounds_caoofficial_dog_56.wav,Dog
data/processed/audio/Cat/animal_sounds_caoofficial_cat_194.wav,Cat
data/processed/audio/Dog/animal_sounds_ggquang_3-144028-A.wav,Dog
data/processed/audio/Donkey/animal_sounds_caoofficial_esek_9.wav,Donkey
data/processed/audio/Cat/animal_sounds_caoofficial_cat_143.wav,Cat
data/processed/audio/Dog/animal_sounds_ggquang_1-32318-A.wav,Dog
data/processed/audio/Bird/animal_sounds_caoofficial_Kus_109_v2 (70).wav,Bird
data/processed/audio/Bird/animal_sounds_caoofficial_Kus_109_v2 (91).wav,Bird
data/processed/audio/Cow/animal_sounds_ggquang_Cow_47.wav,Cow
data/processed/audio/Bird/animal_sounds_caoofficial_Kus_109_v2 (36).wav,Bird
data/processed/audio/Dog/animal_sounds_ggquang_dog_24 (2).wav,Dog
data/processed/audio/Cow/animal_sounds_caoofficial_inek_26.wav,Cow
data/processed/audio/Cow/animal_sounds_caoofficial_inek_23.wav,Cow
data/processed/audio/Frog/animal_sounds_ggquang_2-52085-A.wav,Frog
data/processed/audio/Frog/animal_sounds_ggquang_Frog_37.wav,Frog
data/processed/audio/Dog/animal_sounds_caoofficial_dog_25.wav,Dog
data/processed/audio/Bird/animal_sounds_caoofficial_Kus_109_v2 (76).wav,Bird
data/processed/audio/Bird/animal_sounds_caoofficial_Kus_109_v2 (82).wav,Bird
data/processed/audio/Cow/animal_sounds_ggquang_Cow_40.wav,Cow
data/processed/audio/Bird/animal_sounds_caoofficial_Kus_109_v2 (80).wav,Bird
data/processed/audio/Cow/animal_sounds_caoofficial_inek_34.wav,Cow
data/processed/audio/Monkey/animal_sounds_caoofficial_maymun_16.wav,Monkey
data/processed/audio/Cow/animal_sounds_caoofficial_inek_15.wav,Cow
data/processed/audio/Dog/animal_sounds_ggquang_dog_10 (2).wav,Dog
data/processed/audio/Dog/animal_sounds_ggquang_dog_8 (2).wav,Dog
data/processed/audio/Chicken/animal_sounds_caoofficial_tavuk_13.wav,Chicken
data/processed/audio/Frog/animal_sounds_ggquang_Frog_21.wav,Frog
data/processed/audio/Dog/animal_sounds_ggquang_dog_12 (3).wav,Dog
data/processed/audio/Dog/animal_sounds_caoofficial_dog_173.wav,Dog
data/processed/audio/Bird/animal_sounds_caoofficial_Kus_12.wav,Bird
data/processed/audio/Cow/animal_sounds_ggquang_Cow_39.wav,Cow
data/processed/audio/Dog/animal_sounds_ggquang_Dog_26.wav,Dog
data/processed/audio/Bird/animal_sounds_caoofficial_Kus_109_v2 (62).wav,Bird
data/processed/audio/Cat/animal_sounds_caoofficial_cat_172.wav,Cat
data/processed/audio/Dog/animal_sounds_caoofficial_dog_186.wav,Dog
data/processed/audio/Cat/animal_sounds_caoofficial_cat_133.wav,Cat
data/processed/audio/Cat/animal_sounds_caoofficial_cat_12.wav,Cat
data/processed/audio/Bird/animal_sounds_caoofficial_Kus_5.wav,Bird
data/processed/audio/Lion/animal_sounds_caoofficial_aslan_32.wav,Lion
data/processed/audio/Cat/animal_sounds_caoofficial_cat_75.wav,Cat
data/processed/audio/Bird/animal_sounds_caoofficial_Kus_25.wav,Bird
data/processed/audio/Dog/animal_sounds_ggquang_Dog_14.wav,Dog
data/processed/audio/Cat/animal_sounds_caoofficial_cat_144.wav,Cat
data/processed/audio/Monkey/animal_sounds_caoofficial_maymun_3.wav,Monkey
data/processed/audio/Bird/animal_sounds_caoofficial_Kus_109_v2 (14).wav,Bird
data/processed/audio/Cow/animal_sounds_caoofficial_inek_27.wav,Cow
data/processed/audio/Dog/animal_sounds_ggquang_Dog_43.wav,Dog
data/processed/audio/Cat/animal_sounds_caoofficial_cat_9.wav,Cat
data/processed/audio/Dog/animal_sounds_caoofficial_dog_150.wav,Dog
data/processed/audio/Donkey/animal_sounds_caoofficial_esek_16.wav,Donkey
data/processed/audio/Cow/animal_sounds_ggquang_Cow_16.wav,Cow
data/processed/audio/Cow/animal_sounds_caoofficial_inek_37.wav,Cow
data/processed/audio/Lion/animal_sounds_caoofficial_aslan_19.wav,Lion
data/processed/audio/Bird/animal_sounds_caoofficial_Kus_49.wav,Bird
data/processed/audio/Cow/animal_sounds_caoofficial_inek_74.wav,Cow
data/processed/audio/Lion/animal_sounds_caoofficial_aslan_30.wav,Lion
data/processed/audio/Cow/animal_sounds_ggquang_5-194899-C.wav,Cow
data/processed/audio/Bird/animal_sounds_caoofficial_Kus_79.wav,Bird
data/processed/audio/Monkey/animal_sounds_caoofficial_maymun_5.wav,Monkey
data/processed/audio/Dog/animal_sounds_caoofficial_dog_41.wav,Dog
data/processed/audio/Dog/animal_sounds_caoofficial_dog_109.wav,Dog
data/processed/audio/Sheep/animal_sounds_caoofficial_koyun_40.wav,Sheep
data/processed/audio/Bird/animal_sounds_caoofficial_Kus_109_v2 (12).wav,Bird
data/processed/audio/Cow/animal_sounds_ggquang_inek_17.wav,Cow
data/processed/audio/Dog/animal_sounds_ggquang_Dog_30.wav,Dog
data/processed/audio/Cat/animal_sounds_caoofficial_cat_60.wav,Cat
data/processed/audio/Cat/animal_sounds_caoofficial_cat_35.wav,Cat
data/processed/audio/Frog/animal_sounds_ggquang_5-156026-B.wav,Frog
data/processed/audio/Dog/animal_sounds_ggquang_Dog_25.wav,Dog
data/processed/audio/Cat/animal_sounds_caoofficial_cat_151.wav,Cat
data/processed/audio/Dog/animal_sounds_ggquang_Dog_41.wav,Dog
data/processed/audio/Frog/animal_sounds_ggquang_Frog_35.wav,Frog
data/processed/audio/Dog/animal_sounds_ggquang_3-180256-A.wav,Dog
data/processed/audio/Frog/animal_sounds_ggquang_Frog_33.wav,Frog
data/processed/audio/Dog/animal_sounds_ggquang_dog_25 (2).wav,Dog
data/processed/audio/Cow/animal_sounds_ggquang_3-152039-A.wav,Cow
data/processed/audio/Dog/animal_sounds_ggquang_dog_19 (2).wav,Dog
data/processed/audio/Dog/animal_sounds_caoofficial_dog_182.wav,Dog
data/processed/audio/Donkey/animal_sounds_caoofficial_esek_19.wav,Donkey
data/processed/audio/Monkey/animal_sounds_caoofficial_maymun_11.wav,Monkey
data/processed/audio/Cow/animal_sounds_caoofficial_inek_19.wav,Cow
data/processed/audio/Cow/animal_sounds_ggquang_4-181955-A.wav,Cow
data/processed/audio/Cat/animal_sounds_caoofficial_cat_122.wav,Cat
data/processed/audio/Cat/animal_sounds_caoofficial_cat_124.wav,Cat
data/processed/audio/Frog/animal_sounds_ggquang_Frog_17.wav,Frog
data/processed/audio/Cat/animal_sounds_caoofficial_cat_11.wav,Cat
data/processed/audio/Bird/animal_sounds_caoofficial_Kus_109_v2 (78).wav,Bird
data/processed/audio/Bird/animal_sounds_caoofficial_Kus_52.wav,Bird
data/processed/audio/Frog/animal_sounds_ggquang_2-32515-C.wav,Frog
data/processed/audio/Frog/animal_sounds_ggquang_Frog_14.wav,Frog
data/processed/audio/Dog/animal_sounds_caoofficial_dog_114.wav,Dog
data/processed/audio/Bird/animal_sounds_caoofficial_Kus_39.wav,Bird
data/processed/audio/Dog/animal_sounds_ggquang_4-199261-A.wav,Dog
data/processed/audio/Chicken/animal_sounds_caoofficial_tavuk_17.wav,Chicken
data/processed/audio/Dog/animal_sounds_caoofficial_dog_197.wav,Dog
data/processed/audio/Cow/animal_sounds_ggquang_1-58277-A.wav,Cow
data/processed/audio/Sheep/animal_sounds_caoofficial_koyun_14.wav,Sheep
data/processed/audio/Cow/animal_sounds_caoofficial_inek_9.wav,Cow
data/processed/audio/Lion/animal_sounds_caoofficial_aslan_29.wav,Lion
data/processed/audio/Cat/animal_sounds_caoofficial_cat_51.wav,Cat
data/processed/audio/Cat/animal_sounds_caoofficial_cat_87.wav,Cat
data/processed/audio/Bird/animal_sounds_caoofficial_Kus_1.wav,Bird
data/processed/audio/Cat/animal_sounds_caoofficial_cat_63.wav,Cat
data/processed/audio/Lion/animal_sounds_caoofficial_aslan_5.wav,Lion
data/processed/audio/Cow/animal_sounds_caoofficial_inek_50.wav,Cow
data/processed/audio/Dog/animal_sounds_ggquang_4-182395-A.wav,Dog
data/processed/audio/Frog/animal_sounds_ggquang_Frog_11.wav,Frog
data/processed/audio/Dog/animal_sounds_ggquang_dog_31 (2).wav,Dog
data/processed/audio/Bird/animal_sounds_caoofficial_Kus_74.wav,Bird
data/processed/audio/Cow/animal_sounds_caoofficial_inek_28.wav,Cow
data/processed/audio/Bird/animal_sounds_caoofficial_Kus_31.wav,Bird
data/processed/audio/Dog/animal_sounds_caoofficial_dog_165.wav,Dog
data/processed/audio/Cow/animal_sounds_ggquang_4-174860-B.wav,Cow
data/processed/audio/Bird/animal_sounds_caoofficial_Kus_109_v2 (88).wav,Bird
data/processed/audio/Monkey/animal_sounds_caoofficial_maymun_8.wav,Monkey
data/processed/audio/Bird/animal_sounds_caoofficial_Kus_82.wav,Bird
data/processed/audio/Dog/animal_sounds_caoofficial_dog_183.wav,Dog
data/processed/audio/Chicken/animal_sounds_caoofficial_tavuk_22.wav,Chicken
data/processed/audio/Cat/animal_sounds_caoofficial_cat_145.wav,Cat
data/processed/audio/Bird/animal_sounds_caoofficial_Kus_109_v2 (69).wav,Bird
data/processed/audio/Bird/animal_sounds_caoofficial_Kus_37.wav,Bird
data/processed/audio/Cat/animal_sounds_caoofficial_cat_19.wav,Cat
data/processed/audio/Dog/animal_sounds_caoofficial_dog_193.wav,Dog
data/processed/audio/Cat/animal_sounds_caoofficial_cat_32.wav,Cat
data/processed/audio/Sheep/animal_sounds_caoofficial_koyun_2.wav,Sheep
data/processed/audio/Dog/animal_sounds_ggquang_5-9032-A.wav,Dog
data/processed/audio/Cow/animal_sounds_caoofficial_inek_72.wav,Cow
data/processed/audio/Lion/animal_sounds_caoofficial_aslan_43.wav,Lion
data/processed/audio/Frog/animal_sounds_caoofficial_kurbaga_10.wav,Frog
data/processed/audio/Cow/animal_sounds_caoofficial_inek_69.wav,Cow
data/processed/audio/Lion/animal_sounds_caoofficial_aslan_3.wav,Lion
data/processed/audio/Cat/animal_sounds_caoofficial_cat_43.wav,Cat
data/processed/audio/Chicken/animal_sounds_caoofficial_tavuk_29.wav,Chicken
data/processed/audio/Bird/animal_sounds_caoofficial_Kus_67.wav,Bird
data/processed/audio/Bird/animal_sounds_caoofficial_Kus_109_v2 (31).wav,Bird
data/processed/audio/Cow/animal_sounds_ggquang_2-103427-A.wav,Cow
data/processed/audio/Bird/animal_sounds_caoofficial_Kus_93.wav,Bird
data/processed/audio/Sheep/animal_sounds_caoofficial_koyun_3.wav,Sheep
data/processed/audio/Dog/animal_sounds_ggquang_4-184575-A.wav,Dog
data/processed/audio/Bird/animal_sounds_caoofficial_Kus_71.wav,Bird
data/processed/audio/Dog/animal_sounds_ggquang_1-97392-A.wav,Dog
data/processed/audio/Dog/animal_sounds_caoofficial_dog_129.wav,Dog
data/processed/audio/Bird/animal_sounds_caoofficial_Kus_75.wav,Bird
data/processed/audio/Cow/animal_sounds_ggquang_2-104877-A.wav,Cow
data/processed/audio/Frog/animal_sounds_caoofficial_kurbaga_11.wav,Frog
data/processed/audio/Dog/animal_sounds_caoofficial_dog_46.wav,Dog
data/processed/audio/Cow/animal_sounds_caoofficial_inek_65.wav,Cow
data/processed/audio/Bird/animal_sounds_caoofficial_Kus_109_v2 (72).wav,Bird
data/processed/audio/Sheep/animal_sounds_caoofficial_koyun_5.wav,Sheep
data/processed/audio/Cow/animal_sounds_ggquang_Cow_43.wav,Cow
data/processed/audio/Dog/animal_sounds_caoofficial_dog_133.wav,Dog
data/processed/audio/Cat/animal_sounds_caoofficial_cat_13.wav,Cat
data/processed/audio/Cat/animal_sounds_caoofficial_cat_111.wav,Cat
data/processed/audio/Bird/animal_sounds_caoofficial_Kus_65.wav,Bird
data/processed/audio/Bird/animal_sounds_caoofficial_Kus_38.wav,Bird
data/processed/audio/Dog/animal_sounds_ggquang_3-180977-A.wav,Dog
data/processed/audio/Sheep/animal_sounds_caoofficial_koyun_7.wav,Sheep
data/processed/audio/Frog/animal_sounds_caoofficial_kurbaga_31.wav,Frog
data/processed/audio/Bird/animal_sounds_caoofficial_Kus_86.wav,Bird
data/processed/audio/Bird/animal_sounds_caoofficial_Kus_109_v2 (43).wav,Bird
data/processed/audio/Bird/animal_sounds_caoofficial_Kus_16.wav,Bird
data/processed/audio/Dog/animal_sounds_ggquang_dog_33 (2).wav,Dog
data/processed/audio/Cow/animal_sounds_ggquang_Cow_26.wav,Cow
data/processed/audio/Dog/animal_sounds_ggquang_4-194754-A.wav,Dog
data/processed/audio/Lion/animal_sounds_caoofficial_aslan_16.wav,Lion
data/processed/audio/Monkey/animal_sounds_caoofficial_maymun_24.wav,Monkey
data/processed/audio/Cow/animal_sounds_caoofficial_inek_58.wav,Cow
data/processed/audio/Cow/animal_sounds_caoofficial_inek_44.wav,Cow
data/processed/audio/Bird/animal_sounds_caoofficial_Kus_109_v2 (28).wav,Bird
data/processed/audio/Dog/animal_sounds_caoofficial_dog_184.wav,Dog
data/processed/audio/Dog/animal_sounds_ggquang_dog_42 (2).wav,Dog
data/processed/audio/Dog/animal_sounds_caoofficial_dog_97.wav,Dog
data/processed/audio/Frog/animal_sounds_ggquang_3-70962-C.wav,Frog
data/processed/audio/Cat/animal_sounds_caoofficial_cat_69.wav,Cat
data/processed/audio/Dog/animal_sounds_ggquang_Dog_3.wav,Dog
data/processed/audio/Frog/animal_sounds_ggquang_Frog_29.wav,Frog
data/processed/audio/Cat/animal_sounds_caoofficial_cat_84.wav,Cat
data/processed/audio/Cow/animal_sounds_caoofficial_inek_31.wav,Cow
data/processed/audio/Cat/animal_sounds_caoofficial_cat_157.wav,Cat
data/processed/audio/Dog/animal_sounds_ggquang_dog_3 (2).wav,Dog
data/processed/audio/Cat/animal_sounds_caoofficial_cat_128.wav,Cat
data/processed/audio/Cow/animal_sounds_caoofficial_inek_22.wav,Cow
data/processed/audio/Cat/animal_sounds_caoofficial_cat_95.wav,Cat
data/processed/audio/Sheep/animal_sounds_caoofficial_koyun_31.wav,Sheep
data/processed/audio/Bird/animal_sounds_caoofficial_Kus_78.wav,Bird
data/processed/audio/Bird/animal_sounds_caoofficial_Kus_109_v2 (22).wav,Bird
data/processed/audio/Frog/animal_sounds_ggquang_Frog_27.wav,Frog
data/processed/audio/Dog/animal_sounds_caoofficial_dog_5.wav,Dog
data/processed/audio/Dog/animal_sounds_ggquang_dog_19 (3).wav,Dog
data/processed/audio/Cow/animal_sounds_ggquang_Cow_50.wav,Cow
data/processed/audio/Bird/animal_sounds_caoofficial_Kus_109_v2 (61).wav,Bird
data/processed/audio/Cat/animal_sounds_caoofficial_cat_164.wav,Cat
data/processed/audio/Lion/animal_sounds_caoofficial_aslan_39.wav,Lion
data/processed/audio/Cat/animal_sounds_caoofficial_cat_17.wav,Cat
data/processed/audio/Dog/animal_sounds_ggquang_dog_30 (3).wav,Dog
data/processed/audio/Dog/animal_sounds_caoofficial_dog_167.wav,Dog
data/processed/audio/Cat/animal_sounds_caoofficial_cat_70.wav,Cat
data/processed/audio/Dog/animal_sounds_ggquang_Dog_6.wav,Dog
data/processed/audio/Dog/animal_sounds_ggquang_Dog_20.wav,Dog
data/processed/audio/Dog/animal_sounds_ggquang_dog_38 (2).wav,Dog
data/processed/audio/Lion/animal_sounds_caoofficial_aslan_18.wav,Lion
data/processed/audio/Dog/animal_sounds_ggquang_3-157695-A.wav,Dog
data/processed/audio/Cow/animal_sounds_ggquang_archivo (3).wav,Cow
data/processed/audio/Frog/animal_sounds_ggquang_kurbaga_5.wav,Frog
data/processed/audio/Dog/animal_sounds_caoofficial_dog_161.wav,Dog
data/processed/audio/Frog/animal_sounds_ggquang_Frog_1.wav,Frog
data/processed/audio/Cow/animal_sounds_caoofficial_inek_33.wav,Cow
data/processed/audio/Cat/animal_sounds_caoofficial_cat_93.wav,Cat
data/processed/audio/Dog/animal_sounds_caoofficial_dog_15.wav,Dog
data/processed/audio/Donkey/animal_sounds_caoofficial_esek_4.wav,Donkey
data/processed/audio/Dog/animal_sounds_caoofficial_dog_198.wav,Dog
data/processed/audio/Chicken/animal_sounds_caoofficial_tavuk_27.wav,Chicken
data/processed/audio/Cat/animal_sounds_caoofficial_cat_77.wav,Cat
data/processed/audio/Chicken/animal_sounds_caoofficial_tavuk_20.wav,Chicken
data/processed/audio/Bird/animal_sounds_caoofficial_Kus_109_v2 (73).wav,Bird
data/processed/audio/Lion/animal_sounds_caoofficial_aslan_35.wav,Lion
data/processed/audio/Dog/animal_sounds_ggquang_Dog_39.wav,Dog
data/processed/audio/Cow/animal_sounds_caoofficial_inek_73.wav,Cow
data/processed/audio/Dog/animal_sounds_ggquang_dog_14 (2).wav,Dog
data/processed/audio/Cow/animal_sounds_ggquang_inek_50.wav,Cow
data/processed/audio/Bird/animal_sounds_caoofficial_Kus_21.wav,Bird
data/processed/audio/Chicken/animal_sounds_caoofficial_tavuk_25.wav,Chicken
data/processed/audio/Cow/animal_sounds_ggquang_inek_14.wav,Cow
data/processed/audio/Cow/animal_sounds_ggquang_inek_25.wav,Cow
data/processed/audio/Bird/animal_sounds_caoofficial_Kus_109_v2 (87).wav,Bird
data/processed/audio/Dog/animal_sounds_ggquang_dog_23 (2).wav,Dog
data/processed/audio/Monkey/animal_sounds_caoofficial_maymun_19.wav,Monkey
data/processed/audio/Dog/animal_sounds_caoofficial_dog_4.wav,Dog
data/processed/audio/Cow/animal_sounds_caoofficial_inek_71.wav,Cow
data/processed/audio/Frog/animal_sounds_caoofficial_kurbaga_34.wav,Frog
data/processed/audio/Dog/animal_sounds_ggquang_Dog_5.wav,Dog
data/processed/audio/Dog/animal_sounds_ggquang_Dog_49.wav,Dog
data/processed/audio/Bird/animal_sounds_caoofficial_Kus_109_v2 (16).wav,Bird
data/processed/audio/Cat/animal_sounds_caoofficial_cat_96.wav,Cat
data/processed/audio/Dog/animal_sounds_caoofficial_dog_99.wav,Dog
data/processed/audio/Cow/animal_sounds_ggquang_Cow_14.wav,Cow
data/processed/audio/Bird/animal_sounds_caoofficial_Kus_109_v2 (44).wav,Bird
data/processed/audio/Bird/animal_sounds_caoofficial_Kus_7.wav,Bird
data/processed/audio/Chicken/animal_sounds_caoofficial_tavuk_24.wav,Chicken
data/processed/audio/Cow/animal_sounds_ggquang_Cow_33.wav,Cow
data/processed/audio/Cat/animal_sounds_caoofficial_cat_16.wav,Cat
data/processed/audio/Dog/animal_sounds_ggquang_dog_16 (3).wav,Dog
data/processed/audio/Chicken/animal_sounds_caoofficial_tavuk_6.wav,Chicken
data/processed/audio/Dog/animal_sounds_caoofficial_dog_163.wav,Dog
data/processed/audio/Cow/animal_sounds_ggquang_5-253085-B.wav,Cow
data/processed/audio/Lion/animal_sounds_caoofficial_aslan_36.wav,Lion
data/processed/audio/Dog/animal_sounds_caoofficial_dog_149.wav,Dog
data/processed/audio/Dog/animal_sounds_caoofficial_dog_162.wav,Dog
data/processed/audio/Frog/animal_sounds_ggquang_Frog_30.wav,Frog
data/processed/audio/Sheep/animal_sounds_caoofficial_koyun_21.wav,Sheep
data/processed/audio/Bird/animal_sounds_caoofficial_Kus_62.wav,Bird
data/processed/audio/Dog/animal_sounds_ggquang_Dog_50.wav,Dog
data/processed/audio/Cat/animal_sounds_caoofficial_cat_150.wav,Cat
data/processed/audio/Dog/animal_sounds_ggquang_dog_32 (2).wav,Dog
data/processed/audio/Cat/animal_sounds_caoofficial_cat_40.wav,Cat
data/processed/audio/Bird/animal_sounds_caoofficial_Kus_109_v2 (2).wav,Bird
data/processed/audio/Donkey/animal_sounds_caoofficial_esek_17.wav,Donkey
data/processed/audio/Cat/animal_sounds_caoofficial_cat_30.wav,Cat
data/processed/audio/Dog/animal_sounds_caoofficial_dog_53.wav,Dog
data/processed/audio/Cow/animal_sounds_ggquang_inek_29.wav,Cow
data/processed/audio/Frog/animal_sounds_ggquang_Frog_3.wav,Frog
data/processed/audio/Dog/animal_sounds_ggquang_dog_0.wav,Dog
data/processed/audio/Dog/animal_sounds_ggquang_Dog_23.wav,Dog
data/processed/audio/Cat/animal_sounds_caoofficial_cat_119.wav,Cat
data/processed/audio/Bird/animal_sounds_caoofficial_Kus_80.wav,Bird
data/processed/audio/Bird/animal_sounds_caoofficial_Kus_109_v2 (96).wav,Bird
data/processed/audio/Dog/animal_sounds_caoofficial_dog_43.wav,Dog
data/processed/audio/Cow/animal_sounds_ggquang_3-124376-A.wav,Cow
data/processed/audio/Dog/animal_sounds_caoofficial_dog_47.wav,Dog
data/processed/audio/Bird/animal_sounds_caoofficial_Kus_109_v2 (26).wav,Bird
data/processed/audio/Cat/animal_sounds_caoofficial_cat_6.wav,Cat
data/processed/audio/Dog/animal_sounds_caoofficial_dog_21.wav,Dog
data/processed/audio/Frog/animal_sounds_ggquang_1-15689-A.wav,Frog
data/processed/audio/Lion/animal_sounds_caoofficial_aslan_25.wav,Lion
data/processed/audio/Cow/animal_sounds_ggquang_inek_4.wav,Cow
data/processed/audio/Frog/animal_sounds_ggquang_4-99193-A.wav,Frog
data/processed/audio/Cat/animal_sounds_caoofficial_cat_45.wav,Cat
data/processed/audio/Cow/animal_sounds_caoofficial_inek_10.wav,Cow
data/processed/audio/Dog/animal_sounds_ggquang_4-207124-A.wav,Dog
data/processed/audio/Cat/animal_sounds_caoofficial_cat_114.wav,Cat
data/processed/audio/Cat/animal_sounds_caoofficial_cat_101.wav,Cat
data/processed/audio/Donkey/animal_sounds_caoofficial_esek_20.wav,Donkey
data/processed/audio/Frog/animal_sounds_caoofficial_kurbaga_14.wav,Frog
data/processed/audio/Bird/animal_sounds_caoofficial_Kus_109_v2 (90).wav,Bird
data/processed/audio/Dog/animal_sounds_ggquang_dog_13 (2).wav,Dog
data/processed/audio/Bird/animal_sounds_caoofficial_Kus_109_v2 (68).wav,Bird
data/processed/audio/Donkey/animal_sounds_caoofficial_esek_10.wav,Donkey
data/processed/audio/Cat/animal_sounds_caoofficial_cat_175.wav,Cat
data/processed/audio/Dog/animal_sounds_caoofficial_dog_169.wav,Dog
data/processed/audio/Bird/animal_sounds_caoofficial_Kus_109_v2 (83).wav,Bird
data/processed/audio/Cow/animal_sounds_caoofficial_inek_13.wav,Cow
data/processed/audio/Dog/animal_sounds_ggquang_Dog_11.wav,Dog
data/processed/audio/Bird/animal_sounds_caoofficial_Kus_57.wav,Bird
data/processed/audio/Bird/animal_sounds_caoofficial_Kus_109_v2 (74).wav,Bird
data/processed/audio/Frog/animal_sounds_ggquang_Frog_19.wav,Frog
data/processed/audio/Dog/animal_sounds_caoofficial_dog_72.wav,Dog
data/processed/audio/Cow/animal_sounds_ggquang_Cow_37.wav,Cow
data/processed/audio/Cow/animal_sounds_caoofficial_inek_24.wav,Cow
data/processed/audio/Dog/animal_sounds_caoofficial_dog_175.wav,Dog
data/processed/audio/Bird/animal_sounds_caoofficial_Kus_89.wav,Bird
data/processed/audio/Cat/animal_sounds_caoofficial_cat_163.wav,Cat
data/processed/audio/Cat/animal_sounds_caoofficial_cat_131.wav,Cat
data/processed/audio/Cow/animal_sounds_caoofficial_inek_61.wav,Cow
data/processed/audio/Monkey/animal_sounds_caoofficial_maymun_6.wav,Monkey
data/processed/audio/Cow/animal_sounds_ggquang_Cow_18.wav,Cow
data/processed/audio/Bird/animal_sounds_caoofficial_Kus_24.wav,Bird
data/processed/audio/Dog/animal_sounds_caoofficial_dog_115.wav,Dog
data/processed/audio/Frog/animal_sounds_ggquang_Frog_6.wav,Frog
data/processed/audio/Dog/animal_sounds_caoofficial_dog_83.wav,Dog
data/processed/audio/Dog/animal_sounds_caoofficial_dog_37.wav,Dog
data/processed/audio/Cow/animal_sounds_ggquang_1-81269-A.wav,Cow
data/processed/audio/Dog/animal_sounds_caoofficial_dog_111.wav,Dog
data/processed/audio/Monkey/animal_sounds_caoofficial_maymun_23.wav,Monkey
data/processed/audio/Frog/animal_sounds_ggquang_3-83527-A.wav,Frog
data/processed/audio/Dog/animal_sounds_ggquang_Dog_34.wav,Dog
data/processed/audio/Bird/animal_sounds_caoofficial_Kus_32.wav,Bird
data/processed/audio/Dog/animal_sounds_caoofficial_dog_73.wav,Dog
data/processed/audio/Dog/animal_sounds_ggquang_2-116400-A.wav,Dog
data/processed/audio/Bird/animal_sounds_caoofficial_Kus_23.wav,Bird
data/processed/audio/Cow/animal_sounds_caoofficial_inek_49.wav,Cow
data/processed/audio/Dog/animal_sounds_caoofficial_dog_28.wav,Dog
data/processed/audio/Frog/animal_sounds_ggquang_3-70962-B.wav,Frog
data/processed/audio/Bird/animal_sounds_caoofficial_Kus_109_v2 (58).wav,Bird
data/processed/audio/Cow/animal_sounds_ggquang_inek_23.wav,Cow
data/processed/audio/Dog/animal_sounds_caoofficial_dog_7.wav,Dog
data/processed/audio/Dog/animal_sounds_ggquang_2-117271-A.wav,Dog
data/processed/audio/Bird/animal_sounds_caoofficial_Kus_26.wav,Bird
data/processed/audio/Dog/animal_sounds_caoofficial_dog_132.wav,Dog
data/processed/audio/Donkey/animal_sounds_caoofficial_esek_18.wav,Donkey
data/processed/audio/Frog/animal_sounds_caoofficial_kurbaga_13.wav,Frog
data/processed/audio/Bird/animal_sounds_caoofficial_Kus_13.wav,Bird
data/processed/audio/Dog/animal_sounds_caoofficial_dog_113.wav,Dog
data/processed/audio/Cat/animal_sounds_caoofficial_cat_71.wav,Cat
data/processed/audio/Cat/animal_sounds_caoofficial_cat_160.wav,Cat
data/processed/audio/Dog/animal_sounds_caoofficial_dog_131.wav,Dog
data/processed/audio/Dog/animal_sounds_ggquang_1-100032-A.wav,Dog
data/processed/audio/Dog/animal_sounds_ggquang_1-30344-A.wav,Dog
data/processed/audio/Dog/animal_sounds_ggquang_dog_31 (3).wav,Dog
data/processed/audio/Bird/animal_sounds_caoofficial_Kus_109_v2 (48).wav,Bird
data/processed/audio/Cat/animal_sounds_caoofficial_cat_53.wav,Cat
data/processed/audio/Dog/animal_sounds_caoofficial_dog_58.wav,Dog
data/processed/audio/Bird/animal_sounds_caoofficial_Kus_95.wav,Bird
data/processed/audio/Bird/animal_sounds_caoofficial_Kus_109_v2 (99).wav,Bird
data/processed/audio/Bird/animal_sounds_caoofficial_Kus_109_v2 (10).wav,Bird
data/processed/audio/Dog/animal_sounds_caoofficial_dog_1.wav,Dog
data/processed/audio/Cow/animal_sounds_ggquang_Cow_29.wav,Cow
data/processed/audio/Bird/animal_sounds_caoofficial_Kus_109_v2 (53).wav,Bird
data/processed/audio/Cat/animal_sounds_caoofficial_cat_156.wav,Cat
data/processed/audio/Frog/animal_sounds_ggquang_kurbaga_4.wav,Frog
data/processed/audio/Cow/animal_sounds_caoofficial_inek_21.wav,Cow
data/processed/audio/Frog/animal_sounds_ggquang_1-18755-B.wav,Frog
data/processed/audio/Dog/animal_sounds_caoofficial_dog_66.wav,Dog
data/processed/audio/Dog/animal_sounds_ggquang_3-155312-A.wav,Dog
data/processed/audio/Dog/animal_sounds_ggquang_dog_32 (3).wav,Dog
data/processed/audio/Dog/animal_sounds_caoofficial_dog_164.wav,Dog
data/processed/audio/Cat/animal_sounds_caoofficial_cat_193.wav,Cat
data/processed/audio/Cat/animal_sounds_caoofficial_cat_46.wav,Cat
data/processed/audio/Dog/animal_sounds_ggquang_dog_41 (3).wav,Dog
data/processed/audio/Cat/animal_sounds_caoofficial_cat_200.wav,Cat
data/processed/audio/Bird/animal_sounds_caoofficial_Kus_53.wav,Bird
data/processed/audio/Bird/animal_sounds_caoofficial_Kus_30.wav,Bird
data/processed/audio/Frog/animal_sounds_ggquang_Frog_38.wav,Frog
data/processed/audio/Cow/animal_sounds_ggquang_Cow_31.wav,Cow
data/processed/audio/Dog/animal_sounds_caoofficial_dog_17.wav,Dog
data/processed/audio/Dog/animal_sounds_caoofficial_dog_14.wav,Dog
data/processed/audio/Bird/animal_sounds_caoofficial_Kus_109_v2 (51).wav,Bird
data/processed/audio/Dog/animal_sounds_ggquang_Dog_38.wav,Dog
data/processed/audio/Dog/animal_sounds_caoofficial_dog_196.wav,Dog
data/processed/audio/Dog/animal_sounds_caoofficial_dog_81.wav,Dog
data/processed/audio/Dog/animal_sounds_ggquang_2-122104-A.wav,Dog
data/processed/audio/Cat/animal_sounds_caoofficial_cat_57.wav,Cat
data/processed/audio/Monkey/animal_sounds_caoofficial_maymun_22.wav,Monkey
data/processed/audio/Bird/animal_sounds_caoofficial_Kus_47.wav,Bird
data/processed/audio/Cow/animal_sounds_caoofficial_inek_46.wav,Cow
data/processed/audio/Frog/animal_sounds_caoofficial_kurbaga_18.wav,Frog
data/processed/audio/Dog/animal_sounds_caoofficial_dog_13.wav,Dog
data/processed/audio/Cat/animal_sounds_caoofficial_cat_99.wav,Cat
data/processed/audio/Donkey/animal_sounds_caoofficial_esek_13.wav,Donkey
data/processed/audio/Donkey/animal_sounds_caoofficial_esek_8.wav,Donkey
data/processed/audio/Cat/animal_sounds_caoofficial_cat_27.wav,Cat
data/processed/audio/Bird/animal_sounds_caoofficial_Kus_109_v2 (23).wav,Bird
data/processed/audio/Dog/animal_sounds_caoofficial_dog_158.wav,Dog
data/processed/audio/Bird/animal_sounds_caoofficial_Kus_109_v2 (38).wav,Bird
data/processed/audio/Dog/animal_sounds_ggquang_1-59513-A.wav,Dog
data/processed/audio/Dog/animal_sounds_ggquang_Dog_24.wav,Dog
data/processed/audio/Cow/animal_sounds_ggquang_1-16568-A.wav,Cow
data/processed/audio/Dog/animal_sounds_ggquang_2-114280-A.wav,Dog
data/processed/audio/Frog/animal_sounds_ggquang_Frog_46.wav,Frog
data/processed/audio/Chicken/animal_sounds_caoofficial_tavuk_16.wav,Chicken
data/processed/audio/Dog/animal_sounds_caoofficial_dog_98.wav,Dog
data/processed/audio/Dog/animal_sounds_ggquang_dog_12 (2).wav,Dog
data/processed/audio/Cow/animal_sounds_ggquang_5-194899-A.wav,Cow
data/processed/audio/Dog/animal_sounds_caoofficial_dog_44.wav,Dog
data/processed/audio/Frog/animal_sounds_ggquang_Frog_43.wav,Frog
data/processed/audio/Dog/animal_sounds_ggquang_Dog_9.wav,Dog
data/processed/audio/Bird/animal_sounds_caoofficial_Kus_109_v2 (40).wav,Bird
data/processed/audio/Bird/animal_sounds_caoofficial_Kus_77.wav,Bird
data/processed/audio/Cat/animal_sounds_caoofficial_cat_14.wav,Cat
data/processed/audio/Dog/animal_sounds_caoofficial_dog_91.wav,Dog
data/processed/audio/Monkey/animal_sounds_caoofficial_maymun_13.wav,Monkey
data/processed/audio/Frog/animal_sounds_ggquang_4-99193-B.wav,Frog
data/processed/audio/Frog/animal_sounds_ggquang_1-15689-B.wav,Frog
data/processed/audio/Dog/animal_sounds_caoofficial_dog_68.wav,Dog
data/processed/audio/Sheep/animal_sounds_caoofficial_koyun_30.wav,Sheep
data/processed/audio/Cow/animal_sounds_caoofficial_inek_63.wav,Cow
data/processed/audio/Bird/animal_sounds_caoofficial_Kus_58.wav,Bird
data/processed/audio/Dog/animal_sounds_caoofficial_dog_116.wav,Dog
data/processed/audio/Dog/animal_sounds_caoofficial_dog_138.wav,Dog
data/processed/audio/Dog/animal_sounds_ggquang_5-208030-A.wav,Dog
data/processed/audio/Cat/animal_sounds_caoofficial_cat_178.wav,Cat
data/processed/audio/Dog/animal_sounds_caoofficial_dog_104.wav,Dog
data/processed/audio/Lion/animal_sounds_caoofficial_aslan_4.wav,Lion
data/processed/audio/Dog/animal_sounds_caoofficial_dog_159.wav,Dog
data/processed/audio/Frog/animal_sounds_ggquang_Frog_47.wav,Frog
data/processed/audio/Dog/animal_sounds_ggquang_dog_43 (3).wav,Dog
data/processed/audio/Cow/animal_sounds_ggquang_Cow_27.wav,Cow
data/processed/audio/Monkey/animal_sounds_caoofficial_maymun_14.wav,Monkey
data/processed/audio/Dog/animal_sounds_caoofficial_dog_22.wav,Dog
data/processed/audio/Dog/animal_sounds_caoofficial_dog_75.wav,Dog
data/processed/audio/Bird/animal_sounds_caoofficial_Kus_109_v2 (21).wav,Bird
data/processed/audio/Bird/animal_sounds_caoofficial_Kus_33.wav,Bird
data/processed/audio/Cat/animal_sounds_caoofficial_cat_29.wav,Cat
data/processed/audio/Cat/animal_sounds_caoofficial_cat_149.wav,Cat
data/processed/audio/Frog/animal_sounds_caoofficial_kurbaga_33.wav,Frog
data/processed/audio/Dog/animal_sounds_ggquang_dog_33 (3).wav,Dog
data/processed/audio/Sheep/animal_sounds_caoofficial_koyun_24.wav,Sheep
data/processed/audio/Bird/animal_sounds_caoofficial_Kus_90.wav,Bird
data/processed/audio/Bird/animal_sounds_caoofficial_Kus_22.wav,Bird
data/processed/audio/Sheep/animal_sounds_caoofficial_koyun_19.wav,Sheep
data/processed/audio/Dog/animal_sounds_ggquang_Dog_7.wav,Dog
data/processed/audio/Cow/animal_sounds_ggquang_inek_28.wav,Cow
data/processed/audio/Bird/animal_sounds_caoofficial_Kus_81.wav,Bird
data/processed/audio/Cat/animal_sounds_caoofficial_cat_190.wav,Cat
data/processed/audio/Cow/animal_sounds_caoofficial_inek_7.wav,Cow
data/processed/audio/Cat/animal_sounds_caoofficial_cat_52.wav,Cat
data/processed/audio/Frog/animal_sounds_ggquang_Frog_12.wav,Frog
data/processed/audio/Bird/animal_sounds_caoofficial_Kus_109_v2 (39).wav,Bird
data/processed/audio/Dog/animal_sounds_caoofficial_dog_31.wav,Dog
data/processed/audio/Sheep/animal_sounds_caoofficial_koyun_9.wav,Sheep
data/processed/audio/Frog/animal_sounds_caoofficial_kurbaga_8.wav,Frog
data/processed/audio/Cow/animal_sounds_ggquang_2-103428-A.wav,Cow
data/processed/audio/Cat/animal_sounds_caoofficial_cat_74.wav,Cat
data/processed/audio/Bird/animal_sounds_caoofficial_Kus_109_v2 (47).wav,Bird
data/processed/audio/Cow/animal_sounds_caoofficial_inek_51.wav,Cow
data/processed/audio/Bird/animal_sounds_caoofficial_Kus_60.wav,Bird
data/processed/audio/Frog/animal_sounds_ggquang_Frog_23.wav,Frog
data/processed/audio/Bird/animal_sounds_caoofficial_Kus_73.wav,Bird
data/processed/audio/Bird/animal_sounds_caoofficial_Kus_109_v2 (20).wav,Bird
data/processed/audio/Cow/animal_sounds_ggquang_1-77241-A.wav,Cow
data/processed/audio/Bird/animal_sounds_caoofficial_Kus_109_v2 (5).wav,Bird
data/processed/audio/Bird/animal_sounds_caoofficial_Kus_91.wav,Bird
data/processed/audio/Cow/animal_sounds_ggquang_archivo (2).wav,Cow
data/processed/audio/Cow/animal_sounds_ggquang_2-103426-A.wav,Cow
data/processed/audio/Dog/animal_sounds_caoofficial_dog_134.wav,Dog
data/processed/audio/Frog/animal_sounds_caoofficial_kurbaga_3.wav,Frog
data/processed/audio/Dog/animal_sounds_ggquang_2-114587-A.wav,Dog
data/processed/audio/Frog/animal_sounds_ggquang_2-32515-D.wav,Frog
data/processed/audio/Cow/animal_sounds_caoofficial_inek_55.wav,Cow
data/processed/audio/Dog/animal_sounds_ggquang_Dog_47.wav,Dog
data/processed/audio/Lion/animal_sounds_caoofficial_aslan_41.wav,Lion
data/processed/audio/Cat/animal_sounds_caoofficial_cat_174.wav,Cat
data/processed/audio/Frog/animal_sounds_ggquang_5-187201-B.wav,Frog
data/processed/audio/Dog/animal_sounds_caoofficial_dog_8.wav,Dog
data/processed/audio/Frog/animal_sounds_caoofficial_kurbaga_30.wav,Frog
data/processed/audio/Cat/animal_sounds_caoofficial_cat_121.wav,Cat
data/processed/audio/Bird/animal_sounds_caoofficial_Kus_109_v2 (3).wav,Bird
data/processed/audio/Cat/animal_sounds_caoofficial_cat_173.wav,Cat
data/processed/audio/Monkey/animal_sounds_caoofficial_maymun_2.wav,Monkey
data/processed/audio/Cow/animal_sounds_caoofficial_inek_16.wav,Cow
data/processed/audio/Sheep/animal_sounds_caoofficial_koyun_13.wav,Sheep
data/processed/audio/Cat/animal_sounds_caoofficial_cat_67.wav,Cat
data/processed/audio/Cat/animal_sounds_caoofficial_cat_125.wav,Cat
data/processed/audio/Bird/animal_sounds_caoofficial_Kus_109_v2 (4).wav,Bird
data/processed/audio/Dog/animal_sounds_caoofficial_dog_144.wav,Dog
data/processed/audio/Dog/animal_sounds_caoofficial_dog_36.wav,Dog
data/processed/audio/Sheep/animal_sounds_caoofficial_koyun_25.wav,Sheep
data/processed/audio/Cat/animal_sounds_caoofficial_cat_76.wav,Cat
data/processed/audio/Cow/animal_sounds_caoofficial_inek_45.wav,Cow
data/processed/audio/Dog/animal_sounds_ggquang_dog_17 (3).wav,Dog
data/processed/audio/Frog/animal_sounds_ggquang_5-156026-A.wav,Frog
data/processed/audio/Sheep/animal_sounds_caoofficial_koyun_26.wav,Sheep
data/processed/audio/Dog/animal_sounds_caoofficial_dog_160.wav,Dog
data/processed/audio/Bird/animal_sounds_caoofficial_Kus_109_v2 (35).wav,Bird
data/processed/audio/Dog/animal_sounds_caoofficial_dog_117.wav,Dog
data/processed/audio/Frog/animal_sounds_ggquang_Frog_15.wav,Frog
data/processed/audio/Bird/animal_sounds_caoofficial_Kus_94.wav,Bird
data/processed/audio/Lion/animal_sounds_caoofficial_aslan_2.wav,Lion
data/processed/audio/Lion/animal_sounds_caoofficial_aslan_27.wav,Lion
data/processed/audio/Dog/animal_sounds_ggquang_dog_22 (2).wav,Dog
data/processed/audio/Cow/animal_sounds_caoofficial_inek_8.wav,Cow
data/processed/audio/Dog/animal_sounds_ggquang_dog_3 (3).wav,Dog
data/processed/audio/Frog/animal_sounds_ggquang_2-32515-A.wav,Frog
data/processed/audio/Sheep/animal_sounds_caoofficial_koyun_28.wav,Sheep
data/processed/audio/Frog/animal_sounds_ggquang_kurbaga_28.wav,Frog
data/processed/audio/Dog/animal_sounds_caoofficial_dog_82.wav,Dog
data/processed/audio/Bird/animal_sounds_caoofficial_Kus_63.wav,Bird
data/processed/audio/Dog/animal_sounds_ggquang_dog_45 (2).wav,Dog
data/processed/audio/Dog/animal_sounds_ggquang_1-30226-A.wav,Dog
data/processed/audio/Frog/animal_sounds_ggquang_4-154793-A.wav,Frog
data/processed/audio/Dog/animal_sounds_ggquang_Dog_15.wav,Dog
data/processed/audio/Dog/animal_sounds_ggquang_Dog_29.wav,Dog
data/processed/audio/Bird/animal_sounds_caoofficial_Kus_56.wav,Bird
data/processed/audio/Lion/animal_sounds_caoofficial_aslan_11.wav,Lion
data/processed/audio/Cow/animal_sounds_ggquang_1-69641-A.wav,Cow
data/processed/audio/Frog/animal_sounds_ggquang_2-32834-A.wav,Frog
data/processed/audio/Bird/animal_sounds_caoofficial_Kus_11.wav,Bird
data/processed/audio/Cow/animal_sounds_ggquang_Cow_42.wav,Cow
data/processed/audio/Monkey/animal_sounds_caoofficial_maymun_17.wav,Monkey
data/processed/audio/Bird/animal_sounds_caoofficial_Kus_109_v2 (54).wav,Bird
data/processed/audio/Bird/animal_sounds_caoofficial_Kus_55.wav,Bird
data/processed/audio/Chicken/animal_sounds_caoofficial_tavuk_12.wav,Chicken
data/processed/audio/Cat/animal_sounds_caoofficial_cat_105.wav,Cat
data/processed/audio/Lion/animal_sounds_caoofficial_aslan_6.wav,Lion
data/processed/audio/Bird/animal_sounds_caoofficial_Kus_109_v2 (13).wav,Bird
data/processed/audio/Frog/animal_sounds_caoofficial_kurbaga_22.wav,Frog
data/processed/audio/Cow/animal_sounds_caoofficial_inek_3.wav,Cow
data/processed/audio/Cat/animal_sounds_caoofficial_cat_147.wav,Cat
data/processed/audio/Dog/animal_sounds_ggquang_dog_22 (3).wav,Dog
data/processed/audio/Frog/animal_sounds_ggquang_Frog_25.wav,Frog
data/processed/audio/Dog/animal_sounds_ggquang_Dog_16.wav,Dog
data/processed/audio/Lion/animal_sounds_caoofficial_aslan_45.wav,Lion
data/processed/audio/Dog/animal_sounds_caoofficial_dog_102.wav,Dog
data/processed/audio/Cat/animal_sounds_caoofficial_cat_5.wav,Cat
data/processed/audio/Frog/animal_sounds_ggquang_5-189795-A.wav,Frog
data/processed/audio/Cat/animal_sounds_caoofficial_cat_155.wav,Cat
data/processed/audio/Bird/animal_sounds_caoofficial_Kus_54.wav,Bird
data/processed/audio/Cow/animal_sounds_caoofficial_inek_48.wav,Cow
data/processed/audio/Dog/animal_sounds_caoofficial_dog_118.wav,Dog
data/processed/audio/Sheep/animal_sounds_caoofficial_koyun_35.wav,Sheep
data/processed/audio/Lion/animal_sounds_caoofficial_aslan_42.wav,Lion
data/processed/audio/Cow/animal_sounds_ggquang_Cow_1.wav,Cow
data/processed/audio/Dog/animal_sounds_ggquang_Dog_33.wav,Dog
data/processed/audio/Cow/animal_sounds_caoofficial_inek_62.wav,Cow
data/processed/audio/Frog/animal_sounds_ggquang_kurbaga_10.wav,Frog
data/processed/audio/Bird/animal_sounds_caoofficial_Kus_50.wav,Bird
data/processed/audio/Chicken/animal_sounds_caoofficial_tavuk_11.wav,Chicken
data/processed/audio/Dog/animal_sounds_ggquang_dog_44 (2).wav,Dog
data/processed/audio/Lion/animal_sounds_caoofficial_aslan_38.wav,Lion
data/processed/audio/Dog/animal_sounds_caoofficial_dog_135.wav,Dog
data/processed/audio/Cow/animal_sounds_caoofficial_inek_4.wav,Cow
data/processed/audio/Bird/animal_sounds_caoofficial_Kus_87.wav,Bird
data/processed/audio/Cow/animal_sounds_ggquang_inek_31.wav,Cow
data/processed/audio/Bird/animal_sounds_caoofficial_Kus_48.wav,Bird
data/processed/audio/Dog/animal_sounds_caoofficial_dog_38.wav,Dog
data/processed/audio/Donkey/animal_sounds_caoofficial_esek_15.wav,Donkey
data/processed/audio/Bird/animal_sounds_caoofficial_Kus_97.wav,Bird
data/processed/audio/Dog/animal_sounds_ggquang_Dog_17.wav,Dog
data/processed/audio/Cat/animal_sounds_caoofficial_cat_170.wav,Cat
data/processed/audio/Cat/animal_sounds_caoofficial_cat_183.wav,Cat
data/processed/audio/Frog/animal_sounds_ggquang_kurbaga_3.wav,Frog
data/processed/audio/Chicken/animal_sounds_caoofficial_tavuk_1.wav,Chicken
data/processed/audio/Bird/animal_sounds_caoofficial_Kus_29.wav,Bird
data/processed/audio/Cat/animal_sounds_caoofficial_cat_100.wav,Cat
data/processed/audio/Dog/animal_sounds_ggquang_3-136288-A.wav,Dog
data/processed/audio/Cat/animal_sounds_caoofficial_cat_140.wav,Cat
data/processed/audio/Monkey/animal_sounds_caoofficial_maymun_10.wav,Monkey
data/processed/audio/Lion/animal_sounds_caoofficial_aslan_40.wav,Lion
data/processed/audio/Cat/animal_sounds_caoofficial_cat_85.wav,Cat
data/processed/audio/Dog/animal_sounds_ggquang_5-212454-A.wav,Dog
data/processed/audio/Cat/animal_sounds_caoofficial_cat_116.wav,Cat
data/processed/audio/Dog/animal_sounds_caoofficial_dog_119.wav,Dog
data/processed/audio/Bird/animal_sounds_caoofficial_Kus_10.wav,Bird
data/processed/audio/Bird/animal_sounds_caoofficial_Kus_2.wav,Bird
data/processed/audio/Dog/animal_sounds_caoofficial_dog_170.wav,Dog
data/processed/audio/Dog/animal_sounds_ggquang_dog_43 (2).wav,Dog
data/processed/audio/Sheep/animal_sounds_caoofficial_koyun_39.wav,Sheep
data/processed/audio/Cow/animal_sounds_caoofficial_inek_2.wav,Cow
data/processed/audio/Dog/animal_sounds_caoofficial_dog_139.wav,Dog
data/processed/audio/Lion/animal_sounds_caoofficial_aslan_10.wav,Lion
data/processed/audio/Cat/animal_sounds_caoofficial_cat_24.wav,Cat
data/processed/audio/Dog/animal_sounds_caoofficial_dog_125.wav,Dog
data/processed/audio/Dog/animal_sounds_caoofficial_dog_180.wav,Dog
data/processed/audio/Dog/animal_sounds_ggquang_Dog_8.wav,Dog
data/processed/audio/Dog/animal_sounds_caoofficial_dog_106.wav,Dog
data/processed/audio/Dog/animal_sounds_caoofficial_dog_110.wav,Dog
data/processed/audio/Sheep/animal_sounds_caoofficial_koyun_17.wav,Sheep
data/processed/audio/Lion/animal_sounds_caoofficial_aslan_20.wav,Lion
data/processed/audio/Dog/animal_sounds_caoofficial_dog_78.wav,Dog
data/processed/audio/Dog/animal_sounds_caoofficial_dog_122.wav,Dog
data/processed/audio/Frog/animal_sounds_caoofficial_kurbaga_20.wav,Frog
data/processed/audio/Cow/animal_sounds_ggquang_Cow_15.wav,Cow
data/processed/audio/Dog/animal_sounds_caoofficial_dog_155.wav,Dog
data/processed/audio/Cow/animal_sounds_ggquang_Cow_34.wav,Cow
data/processed/audio/Frog/animal_sounds_ggquang_Frog_40.wav,Frog
data/processed/audio/Cow/animal_sounds_ggquang_3-126358-B.wav,Cow
data/processed/audio/Frog/animal_sounds_ggquang_4-130584-A.wav,Frog
data/processed/audio/Cow/animal_sounds_ggquang_5-194899-D.wav,Cow
data/processed/audio/Dog/animal_sounds_caoofficial_dog_35.wav,Dog
data/processed/audio/Sheep/animal_sounds_caoofficial_koyun_11.wav,Sheep
data/processed/audio/Cow/animal_sounds_caoofficial_inek_59.wav,Cow
data/processed/audio/Bird/animal_sounds_caoofficial_Kus_109_v2 (92).wav,Bird
data/processed/audio/Frog/animal_sounds_caoofficial_kurbaga_28.wav,Frog
data/processed/audio/Cow/animal_sounds_ggquang_Cow_21.wav,Cow
data/processed/audio/Dog/animal_sounds_caoofficial_dog_3.wav,Dog
data/processed/audio/Dog/animal_sounds_ggquang_Dog_10.wav,Dog
data/processed/audio/Dog/animal_sounds_ggquang_dog_20 (2).wav,Dog
data/processed/audio/Frog/animal_sounds_ggquang_1-18755-A.wav,Frog
data/processed/audio/Cat/animal_sounds_caoofficial_cat_104.wav,Cat
data/processed/audio/Cat/animal_sounds_caoofficial_cat_92.wav,Cat
data/processed/audio/Dog/animal_sounds_caoofficial_dog_77.wav,Dog
data/processed/audio/Dog/animal_sounds_ggquang_dog_13 (3).wav,Dog
data/processed/audio/Cat/animal_sounds_caoofficial_cat_97.wav,Cat
data/processed/audio/Dog/animal_sounds_caoofficial_dog_51.wav,Dog
data/processed/audio/Lion/animal_sounds_caoofficial_aslan_14.wav,Lion
data/processed/audio/Frog/animal_sounds_caoofficial_kurbaga_35.wav,Frog
data/processed/audio/Dog/animal_sounds_caoofficial_dog_12.wav,Dog
data/processed/audio/Cow/animal_sounds_ggquang_inek_40.wav,Cow
data/processed/audio/Dog/animal_sounds_ggquang_Dog_48.wav,Dog
data/processed/audio/Dog/animal_sounds_caoofficial_dog_195.wav,Dog
data/processed/audio/Dog/animal_sounds_caoofficial_dog_157.wav,Dog
data/processed/audio/Bird/animal_sounds_caoofficial_Kus_109_v2 (95).wav,Bird
data/processed/audio/Dog/animal_sounds_caoofficial_dog_86.wav,Dog
data/processed/audio/Chicken/animal_sounds_caoofficial_tavuk_15.wav,Chicken
data/processed/audio/Cow/animal_sounds_caoofficial_inek_75.wav,Cow
data/processed/audio/Frog/animal_sounds_ggquang_5-187201-A.wav,Frog
data/processed/audio/Frog/animal_sounds_ggquang_3-71964-B.wav,Frog
data/processed/audio/Dog/animal_sounds_ggquang_dog_34 (2).wav,Dog
data/processed/audio/Dog/animal_sounds_caoofficial_dog_63.wav,Dog
data/processed/audio/Cat/animal_sounds_caoofficial_cat_1.wav,Cat
data/processed/audio/Bird/animal_sounds_caoofficial_Kus_4.wav,Bird
data/processed/audio/Frog/animal_sounds_ggquang_3-102908-A.wav,Frog
data/processed/audio/Bird/animal_sounds_caoofficial_Kus_109_v2 (42).wav,Bird
data/processed/audio/Frog/animal_sounds_caoofficial_kurbaga_25.wav,Frog
data/processed/audio/Cat/animal_sounds_caoofficial_cat_126.wav,Cat
data/processed/audio/Cat/animal_sounds_caoofficial_cat_8.wav,Cat
data/processed/audio/Cat/animal_sounds_caoofficial_cat_179.wav,Cat
data/processed/audio/Chicken/animal_sounds_caoofficial_tavuk_26.wav,Chicken
data/processed/audio/Cat/animal_sounds_caoofficial_cat_91.wav,Cat
data/processed/audio/Cow/animal_sounds_ggquang_Cow_48.wav,Cow
data/processed/audio/Frog/animal_sounds_ggquang_Frog_2.wav,Frog
data/processed/audio/Dog/animal_sounds_caoofficial_dog_124.wav,Dog
data/processed/audio/Lion/animal_sounds_caoofficial_aslan_21.wav,Lion
data/processed/audio/Cow/animal_sounds_ggquang_2-117795-B.wav,Cow
data/processed/audio/Bird/animal_sounds_caoofficial_Kus_109_v2 (64).wav,Bird
data/processed/audio/Bird/animal_sounds_caoofficial_Kus_109_v2 (19).wav,Bird
data/processed/audio/Frog/animal_sounds_ggquang_4-99644-B.wav,Frog
data/processed/audio/Cow/animal_sounds_caoofficial_inek_66.wav,Cow
data/processed/audio/Cat/animal_sounds_caoofficial_cat_80.wav,Cat
data/processed/audio/Bird/animal_sounds_caoofficial_Kus_88.wav,Bird
data/processed/audio/Dog/animal_sounds_caoofficial_dog_49.wav,Dog
data/processed/audio/Cat/animal_sounds_caoofficial_cat_113.wav,Cat
data/processed/audio/Dog/animal_sounds_caoofficial_dog_74.wav,Dog
data/processed/audio/Frog/animal_sounds_ggquang_Frog_10.wav,Frog
data/processed/audio/Dog/animal_sounds_ggquang_dog_16 (2).wav,Dog
data/processed/audio/Cat/animal_sounds_caoofficial_cat_42.wav,Cat
data/processed/audio/Dog/animal_sounds_caoofficial_dog_19.wav,Dog
data/processed/audio/Cat/animal_sounds_caoofficial_cat_185.wav,Cat
data/processed/audio/Frog/animal_sounds_caoofficial_kurbaga_24.wav,Frog
data/processed/audio/Cow/animal_sounds_caoofficial_inek_32.wav,Cow
data/processed/audio/Dog/animal_sounds_caoofficial_dog_96.wav,Dog
data/processed/audio/Cat/animal_sounds_caoofficial_cat_161.wav,Cat
data/processed/audio/Donkey/animal_sounds_caoofficial_esek_5.wav,Donkey
data/processed/audio/Cat/animal_sounds_caoofficial_cat_10.wav,Cat
data/processed/audio/Bird/animal_sounds_caoofficial_Kus_64.wav,Bird
data/processed/audio/Dog/animal_sounds_caoofficial_dog_199.wav,Dog
data/processed/audio/Chicken/animal_sounds_caoofficial_tavuk_10.wav,Chicken
data/processed/audio/Dog/animal_sounds_caoofficial_dog_174.wav,Dog
data/processed/audio/Frog/animal_sounds_ggquang_kurbaga_20.wav,Frog
data/processed/audio/Cow/animal_sounds_ggquang_Cow_23.wav,Cow
data/processed/audio/Frog/animal_sounds_caoofficial_kurbaga_29.wav,Frog
data/processed/audio/Frog/animal_sounds_caoofficial_kurbaga_32.wav,Frog
data/processed/audio/Frog/animal_sounds_ggquang_Frog_36.wav,Frog
data/processed/audio/Cat/animal_sounds_caoofficial_cat_103.wav,Cat
data/processed/audio/Bird/animal_sounds_caoofficial_Kus_109_v2 (37).wav,Bird
data/processed/audio/Dog/animal_sounds_caoofficial_dog_6.wav,Dog
data/processed/audio/Cow/animal_sounds_ggquang_1-69422-A.wav,Cow
data/processed/audio/Sheep/animal_sounds_caoofficial_koyun_29.wav,Sheep
data/processed/audio/Bird/animal_sounds_caoofficial_Kus_109_v2 (89).wav,Bird
data/processed/audio/Dog/animal_sounds_ggquang_Dog_22.wav,Dog
data/processed/audio/Cow/animal_sounds_ggquang_Cow_22.wav,Cow
data/processed/audio/Dog/animal_sounds_caoofficial_dog_60.wav,Dog
data/processed/audio/Cat/animal_sounds_caoofficial_cat_136.wav,Cat
data/processed/audio/Bird/animal_sounds_caoofficial_Kus_109_v2 (18).wav,Bird
data/processed/audio/Cat/animal_sounds_caoofficial_cat_22.wav,Cat
data/processed/audio/Cow/animal_sounds_ggquang_inek_11.wav,Cow
data/processed/audio/Cat/animal_sounds_caoofficial_cat_88.wav,Cat
data/processed/audio/Bird/animal_sounds_caoofficial_Kus_69.wav,Bird
data/processed/audio/Dog/animal_sounds_ggquang_3-170015-A.wav,Dog
data/processed/audio/Bird/animal_sounds_caoofficial_Kus_109_v2 (24).wav,Bird
data/processed/audio/Dog/animal_sounds_caoofficial_dog_123.wav,Dog
data/processed/audio/Lion/animal_sounds_caoofficial_aslan_23.wav,Lion
data/processed/audio/Dog/animal_sounds_ggquang_2-118072-A.wav,Dog
data/processed/audio/Cow/animal_sounds_ggquang_Cow_20.wav,Cow
data/processed/audio/Sheep/animal_sounds_caoofficial_koyun_16.wav,Sheep
data/processed/audio/Dog/animal_sounds_caoofficial_dog_16.wav,Dog
data/processed/audio/Dog/animal_sounds_ggquang_Dog_45.wav,Dog
data/processed/audio/Bird/animal_sounds_caoofficial_Kus_9.wav,Bird
data/processed/audio/Donkey/animal_sounds_caoofficial_esek_1.wav,Donkey
data/processed/audio/Dog/animal_sounds_caoofficial_dog_171.wav,Dog
data/processed/audio/Cow/animal_sounds_ggquang_1-77160-A.wav,Cow
data/processed/audio/Frog/animal_sounds_ggquang_Frog_16.wav,Frog
data/processed/audio/Cow/animal_sounds_caoofficial_inek_5.wav,Cow
data/processed/audio/Dog/animal_sounds_ggquang_5-217158-A.wav,Dog
data/processed/audio/Dog/animal_sounds_caoofficial_dog_34.wav,Dog
data/processed/audio/Cat/animal_sounds_caoofficial_cat_146.wav,Cat
data/processed/audio/Bird/animal_sounds_caoofficial_Kus_109_v2 (25).wav,Bird
data/processed/audio/Cow/animal_sounds_caoofficial_inek_36.wav,Cow
data/processed/audio/Monkey/animal_sounds_caoofficial_maymun_1.wav,Monkey
data/processed/audio/Cat/animal_sounds_caoofficial_cat_168.wav,Cat
data/processed/audio/Dog/animal_sounds_ggquang_Dog_44.wav,Dog
data/processed/audio/Sheep/animal_sounds_caoofficial_koyun_15.wav,Sheep
data/processed/audio/Cat/animal_sounds_caoofficial_cat_86.wav,Cat
data/processed/audio/Dog/animal_sounds_caoofficial_dog_87.wav,Dog
data/processed/audio/Cat/animal_sounds_caoofficial_cat_48.wav,Cat
data/processed/audio/Dog/animal_sounds_caoofficial_dog_54.wav,Dog
data/processed/audio/Bird/animal_sounds_caoofficial_Kus_36.wav,Bird
data/processed/audio/Dog/animal_sounds_ggquang_Dog_13.wav,Dog
data/processed/audio/Frog/animal_sounds_ggquang_Frog_8.wav,Frog
data/processed/audio/Bird/animal_sounds_caoofficial_Kus_109_v2 (85).wav,Bird
data/processed/audio/Cat/animal_sounds_caoofficial_cat_36.wav,Cat
data/processed/audio/Sheep/animal_sounds_caoofficial_koyun_36.wav,Sheep
data/processed/audio/Cow/animal_sounds_caoofficial_inek_42.wav,Cow
data/processed/audio/Bird/animal_sounds_caoofficial_Kus_28.wav,Bird
data/processed/audio/Frog/animal_sounds_ggquang_2-32515-B.wav,Frog
data/processed/audio/Frog/animal_sounds_ggquang_Frog_28.wav,Frog
data/processed/audio/Frog/animal_sounds_ggquang_kurbaga_22.wav,Frog
data/processed/audio/Dog/animal_sounds_ggquang_dog_1 (2).wav,Dog
data/processed/audio/Frog/animal_sounds_ggquang_kurbaga_11.wav,Frog
