dataset,filename,file_path,class,split,mfcc_s1_1_mean,mfcc_s1_1_std,mfcc_s1_2_mean,mfcc_s1_2_std,mfcc_s1_3_mean,mfcc_s1_3_std,mfcc_s1_4_mean,mfcc_s1_4_std,mfcc_s1_5_mean,mfcc_s1_5_std,mfcc_s1_6_mean,mfcc_s1_6_std,mfcc_s1_7_mean,mfcc_s1_7_std,mfcc_s1_8_mean,mfcc_s1_8_std,mfcc_s1_9_mean,mfcc_s1_9_std,mfcc_s1_10_mean,mfcc_s1_10_std,mfcc_s1_11_mean,mfcc_s1_11_std,mfcc_s1_12_mean,mfcc_s1_12_std,mfcc_s1_13_mean,mfcc_s1_13_std,mfcc_s2_1_mean,mfcc_s2_1_std,mfcc_s2_2_mean,mfcc_s2_2_std,mfcc_s2_3_mean,mfcc_s2_3_std,mfcc_s2_4_mean,mfcc_s2_4_std,mfcc_s2_5_mean,mfcc_s2_5_std,mfcc_s2_6_mean,mfcc_s2_6_std,mfcc_s2_7_mean,mfcc_s2_7_std,mfcc_s2_8_mean,mfcc_s2_8_std,mfcc_s2_9_mean,mfcc_s2_9_std,mfcc_s2_10_mean,mfcc_s2_10_std,mfcc_s2_11_mean,mfcc_s2_11_std,mfcc_s2_12_mean,mfcc_s2_12_std,mfcc_s2_13_mean,mfcc_s2_13_std,mfcc_s3_1_mean,mfcc_s3_1_std,mfcc_s3_2_mean,mfcc_s3_2_std,mfcc_s3_3_mean,mfcc_s3_3_std,mfcc_s3_4_mean,mfcc_s3_4_std,mfcc_s3_5_mean,mfcc_s3_5_std,mfcc_s3_6_mean,mfcc_s3_6_std,mfcc_s3_7_mean,mfcc_s3_7_std,mfcc_s3_8_mean,mfcc_s3_8_std,mfcc_s3_9_mean,mfcc_s3_9_std,mfcc_s3_10_mean,mfcc_s3_10_std,mfcc_s3_11_mean,mfcc_s3_11_std,mfcc_s3_12_mean,mfcc_s3_12_std,mfcc_s3_13_mean,mfcc_s3_13_std,delta_1_mean,delta_1_std,delta_2_mean,delta_2_std,delta_3_mean,delta_3_std,delta_4_mean,delta_4_std,delta_5_mean,delta_5_std,delta_6_mean,delta_6_std,delta_7_mean,delta_7_std,delta_8_mean,delta_8_std,delta_9_mean,delta_9_std,delta_10_mean,delta_10_std,delta_11_mean,delta_11_std,delta_12_mean,delta_12_std,delta_13_mean,delta_13_std,delta2_1_mean,delta2_1_std,delta2_2_mean,delta2_2_std,delta2_3_mean,delta2_3_std,delta2_4_mean,delta2_4_std,delta2_5_mean,delta2_5_std,delta2_6_mean,delta2_6_std,delta2_7_mean,delta2_7_std,delta2_8_mean,delta2_8_std,delta2_9_mean,delta2_9_std,delta2_10_mean,delta2_10_std,delta2_11_mean,delta2_11_std,delta2_12_mean,delta2_12_std,delta2_13_mean,delta2_13_std,spectral_centroid_mean,spectral_centroid_std,spectral_bandwidth_mean,spectral_bandwidth_std,spectral_rolloff_mean,spectral_rolloff_std,zero_crossing_rate_mean,zero_crossing_rate_std,rms_energy_mean,rms_energy_std,chroma_1_mean,chroma_1_std,chroma_2_mean,chroma_2_std,chroma_3_mean,chroma_3_std,chroma_4_mean,chroma_4_std,chroma_5_mean,chroma_5_std,chroma_6_mean,chroma_6_std,chroma_7_mean,chroma_7_std,chroma_8_mean,chroma_8_std,chroma_9_mean,chroma_9_std,chroma_10_mean,chroma_10_std,chroma_11_mean,chroma_11_std,chroma_12_mean,chroma_12_std,spectral_contrast_1_mean,spectral_contrast_1_std,spectral_contrast_2_mean,spectral_contrast_2_std,spectral_contrast_3_mean,spectral_contrast_3_std,spectral_contrast_4_mean,spectral_contrast_4_std,spectral_contrast_5_mean,spectral_contrast_5_std,spectral_contrast_6_mean,spectral_contrast_6_std,tonnetz_1_mean,tonnetz_1_std,tonnetz_2_mean,tonnetz_2_std,tonnetz_3_mean,tonnetz_3_std,tonnetz_4_mean,tonnetz_4_std,tonnetz_5_mean,tonnetz_5_std,tonnetz_6_mean,tonnetz_6_std,predicted_class,correct,prediction_confidence
animal,animal_sounds_caoofficial_dog_52.wav,data/processed/audio/Dog/animal_sounds_caoofficial_dog_52.wav,Dog,test,-145.30127,39.690746,93.103455,12.543244,-28.425913,13.382602,-10.97769,5.7288613,-6.865928,4.956543,-2.4648347,6.4823966,-3.8911374,7.1953845,-12.309726,5.5255027,-7.985955,5.933381,2.3602762,6.4043045,8.026125,12.166198,-20.96789,16.595211,9.182417,6.6398263,-247.14417,90.624756,73.51538,50.950554,-7.333973,19.540024,2.0275168,12.015989,0.8975831,5.346035,-3.675195,6.1127815,2.310296,6.7131495,-5.6947575,8.24429,-3.2765932,6.919518,2.0999756,4.2832985,-4.950709,6.543074,-15.020528,12.889338,2.2315388,4.016625,-372.67078,0.0,0.0,0.0,0.0,0.0,0.0,0.0,0.0,0.0,0.0,0.0,0.0,0.0,0.0,0.0,0.0,0.0,0.0,0.0,0.0,0.0,0.0,0.0,0.0,0.0,-0.81634474,8.574191,-0.8128239,3.5370371,-0.1478862,2.5990434,0.034361467,1.3955245,0.021535056,0.8610064,-0.059857186,1.0066214,-0.1041354,0.9063193,0.025940381,1.0038403,-0.00945071,0.75168324,0.1298328,0.8113475,0.14297843,1.0866055,0.037652932,1.516293,0.041759625,0.860062,-0.49985024,3.4166882,0.073551126,1.7197658,0.1613306,1.1637816,0.09657916,0.77688783,0.045542322,0.6403527,0.046010032,0.5970071,0.0062811906,0.44661516,0.038406312,0.47393563,-0.0333401,0.47534004,-0.014475949,0.44257823,0.034787968,0.545403,0.023982253,0.7712035,-0.004599728,0.48611477,515.0790702798884,473.331110890301,525.3583152646148,475.541161741243,766.3690476190476,724.1131673853466,0.0429454985119047,0.0434407807833448,0.07061374,0.08357098,0.29225424,0.4028692,0.23458678,0.34637976,0.11566725,0.26894984,0.09671988,0.2528683,0.11067138,0.21067792,0.092904374,0.20613302,0.059469543,0.15590614,0.100884564,0.1964637,0.17081219,0.30403084,0.15722145,0.3097321,0.08953552,0.21293616,0.12680627,0.23895746,16.279895785315514,4.298750858601984,22.140136954067145,5.658460313944712,23.787613886709217,7.543285251139555,22.740812541409085,5.707186117798242,22.822189610607374,6.385209169634288,20.8089778709653,3.907739427987901,-0.0096070612733649,0.1703753137188921,0.0268473890548002,0.1438596334819398,-0.1576129609094344,0.2177631607991187,0.1184091589003353,0.2042603771756584,0.0370015929719053,0.0668142273329845,0.0263742520649444,0.085984912808701,Cow,False,0.6110093737063794
animal,animal_sounds_caoofficial_cat_64.wav,data/processed/audio/Cat/animal_sounds_caoofficial_cat_64.wav,Cat,test,-158.94237,73.32277,11.191307,18.263155,-17.005226,14.554632,-3.8042936,6.9711623,-2.292362,4.414544,-8.752467,9.632022,7.998304,7.8767715,13.9838,13.592085,7.7812014,9.998332,-9.468361,15.58587,-12.7558365,11.744452,2.2045243,13.15723,4.140998,6.826898,-160.38809,66.4232,6.697123,29.08846,-23.936771,22.990967,1.8186591,10.136966,-4.206243,6.6406536,-4.702345,8.767531,6.7284727,10.003895,5.4018087,8.135762,9.326368,13.089244,-1.4702551,10.865775,-7.980076,9.49085,-7.652645,9.428241,-0.054956004,6.973088,-191.48051,63.63885,12.833693,25.48353,-14.699867,22.516598,6.0406866,10.241607,-2.2165875,8.434335,-4.5404887,10.013851,3.9063907,6.0875926,6.65655,8.13378,9.436047,12.467339,3.4181774,6.378786,-5.24685,9.91097,-7.3215322,9.9741,-0.6247716,6.1934743,0.5443869,12.218278,-0.032295626,4.3325133,0.10241916,3.2406614,0.047409456,1.9559494,-0.0052354117,1.1700194,0.006242677,1.6153538,0.04393671,1.5309681,0.118583016,1.903109,-0.014467964,2.2594335,-0.046550136,2.21852,0.005020998,1.7991611,0.035084274,1.9657493,0.010566632,1.3177929,-0.92452353,5.411992,-0.17303438,2.421741,0.07433988,1.4134624,0.047775432,1.0237366,-0.028619487,0.6992255,-0.00678056,0.5662263,-0.01092681,0.6185308,-0.025332537,0.7282551,-0.028628128,1.0212425,-0.008087433,1.1714811,0.051062383,0.72802967,0.0410283,1.0273246,-0.0019517943,0.90195143,2611.421795072791,344.6844571080084,1939.063351268824,390.2588702366394,4781.498015873016,1190.9573731993137,0.2407846602182539,0.0543197057307184,0.10276105,0.112654656,0.35543284,0.3098866,0.29607823,0.29149497,0.32994142,0.32360217,0.39225373,0.34985423,0.43813506,0.36309657,0.413377,0.37383613,0.41740564,0.3907382,0.40014058,0.35512945,0.46443197,0.34498784,0.563875,0.34321,0.5524363,0.35241762,0.51654077,0.35896316,18.10606043347898,4.099266594912094,9.410186011711458,2.8746292068628088,14.331063886993457,6.01303195345347,22.3387240499408,9.932998967919811,21.775724959721025,8.73848080229722,22.24519793175916,9.069741564159797,-0.0019225661221568,0.2132369650604925,-0.0128186134478522,0.17363608886261,0.032806742053094,0.2376100569834232,-0.015512982812075,0.2364617787995471,-0.018702209355882,0.0852463862917061,-0.0144312310767995,0.0869274988375958,crying_baby,False,0.6138707539326207
animal,animal_sounds_caoofficial_tavuk_27.wav,data/processed/audio/Chicken/animal_sounds_caoofficial_tavuk_27.wav,Chicken,test,-150.62056,120.50503,-17.946516,23.42735,-29.311378,14.819812,13.210801,12.870515,5.274472,5.7952,1.5920123,8.612655,7.4613633,7.6692057,0.8758401,5.6871514,-3.451928,4.4094424,5.665548,7.548671,2.3762295,6.615471,-1.1169299,3.9138272,1.8151547,4.6171517,-411.8471,6.1035156e-05,0.0,0.0,0.0,0.0,0.0,0.0,0.0,0.0,0.0,0.0,0.0,0.0,0.0,0.0,-1.2979903e-05,9.094947e-13,0.0,0.0,0.0,0.0,0.0,0.0,0.0,0.0,-411.8471,6.1035156e-05,0.0,0.0,0.0,0.0,0.0,0.0,0.0,0.0,0.0,0.0,0.0,0.0,0.0,0.0,-1.2979903e-05,9.094947e-13,0.0,0.0,0.0,0.0,0.0,0.0,0.0,0.0,-2.887383,10.951441,0.43068096,1.887875,0.30668923,1.3043288,-0.15947032,1.0150353,-0.109893784,0.45961046,0.025629025,1.0200361,-0.10396261,0.7080085,0.055034578,0.63261926,0.023076395,0.47808617,-0.124665655,0.6361495,0.061606716,0.83020365,-0.021478796,0.4199491,-0.040209945,0.49874637,0.061689362,5.2374377,-0.03867512,1.068404,-0.010852579,0.61659354,-0.040361222,0.6075647,0.047742788,0.4012162,0.058706023,0.6235568,-0.030261785,0.47154227,-0.03302518,0.429348,0.0042291526,0.27460632,0.0063562393,0.4599179,-0.024797978,0.43528035,-0.014965872,0.2157352,-0.018010044,0.35850033,872.377949540705,1394.4208150077711,463.76899286363096,738.8446207201509,1396.205357142857,2239.968703248732,0.090665302579365,0.1481800016267774,0.04141147,0.07490735,0.053660072,0.13707386,0.072575346,0.16914648,0.11612488,0.2363319,0.15480576,0.31000182,0.14056648,0.27083156,0.16668142,0.32107228,0.14583363,0.29125205,0.10217092,0.21889178,0.07511853,0.18614498,0.05347076,0.14476292,0.056802828,0.17140965,0.061610613,0.18079041,14.769690346086753,2.7583506824798465,14.21401728803599,3.459770755193784,14.768636400576325,2.502451292715181,16.27774947099937,2.289462487531794,16.838316597757597,2.273393786931741,22.527496001633548,10.909309612509835,-0.0371551021194277,0.0453541374534058,0.0090125586676654,0.0754277750587492,-0.0165929986101151,0.0965845902668306,0.0666560117258789,0.0881845233806492,0.0083671629305604,0.032719967736637,0.0182414942579011,0.0341531204895621,Bird,False,0.387786858018723
animal,animal_sounds_caoofficial_Kus_100.wav,data/processed/audio/Bird/animal_sounds_caoofficial_Kus_100.wav,Bird,test,-230.82903,9.404659,-25.93634,8.876244,14.460427,4.573197,4.508803,4.709448,-3.1753616,3.1795914,7.961656,2.9544668,-1.2538528,3.0127172,13.850205,3.5555067,-12.518785,4.4056344,21.266666,4.4491043,-4.15048,3.0154989,9.118083,2.0188372,6.9822083,2.5132732,-231.33821,7.895388,-25.381775,8.62777,13.673953,3.6561089,3.6154513,4.4512815,-2.8786366,3.6632352,7.867401,3.3010848,-2.8014622,3.1199317,13.085591,3.790718,-11.645016,5.197036,20.66214,4.6710143,-3.410077,2.9466977,8.529627,2.5436304,7.300874,3.0083408,-457.6328,131.57362,-5.808175,10.882974,2.5993457,4.6331,1.4794273,3.5317137,-0.27275762,1.4183862,2.0945597,3.9367058,-0.60743,1.900091,3.7256687,6.5863695,-2.0561795,4.2366457,4.4004526,7.571263,-0.39501318,1.6799486,1.3185577,2.6479542,1.5787156,3.1358747,-2.4161818,9.498751,0.10742474,1.1132661,-0.10402059,0.54017174,-0.06118412,0.46131685,0.02429356,0.3993317,-0.050063938,0.46918935,0.024898337,0.37704638,-0.07983137,0.6664027,0.089268595,0.5226394,-0.1791302,0.65844166,0.033935025,0.35593,-0.05752717,0.3160922,-0.06803325,0.3765626,-0.075554274,4.1723127,0.053195346,0.7816118,0.0059153503,0.41595408,-0.0036011366,0.41374648,0.023547983,0.3492601,0.021387512,0.36419654,0.026875911,0.2881398,-0.008090424,0.36359835,0.031401806,0.4481161,-0.03092694,0.46620366,-0.001839089,0.31113547,-0.009932112,0.24786343,-0.012740287,0.30437398,3445.096004292345,1983.979686463371,1322.5467487954988,780.8177099666437,4362.351190476191,2492.312643246246,0.4631696428571428,0.2745695209190227,0.0121822795,0.009032741,0.021537995,0.030283224,0.028901337,0.035714094,0.053359237,0.069001354,0.09777049,0.10724316,0.17453636,0.15147594,0.5263327,0.35995403,0.72462034,0.423267,0.10180074,0.07929043,0.018352753,0.02887469,0.017899025,0.028256733,0.02023994,0.04002396,0.022132505,0.038011964,21.90388274436256,3.9700002423752823,13.903723707030018,3.764298507068028,12.819101623681265,3.606271647320616,14.015830012257116,2.9279962291884103,19.02593030929561,3.429074475699725,34.981894397614106,10.472841319027587,-0.0262922741158062,0.034378956829504,0.041549873188541,0.0306844636148007,-0.0647853470826895,0.0591294830851642,0.0103687582304696,0.0863350354181327,-0.0056221837961302,0.0348331986308851,0.0043382694127522,0.0236041806734603,glass_breaking,False,0.5495763156992053
animal,animal_sounds_caoofficial_maymun_11.wav,data/processed/audio/Monkey/animal_sounds_caoofficial_maymun_11.wav,Monkey,test,-134.89757,53.090233,22.176533,8.214628,-31.70604,15.274837,17.597767,5.7139277,4.718185,5.2516737,4.573104,4.084224,-12.371318,8.052638,0.6757677,4.3440495,-3.5600483,5.29227,7.0787287,4.343174,-8.202953,7.59963,-2.7816913,5.1900053,-0.76943004,3.6630697,-151.4972,61.84558,26.405506,6.9700446,-31.210384,18.497757,9.672505,5.248587,5.3823123,6.2586145,2.859483,5.35158,-3.8612976,7.277332,1.223113,5.647755,-10.550716,7.073402,5.6911077,7.6746993,1.2617049,8.570208,-4.672421,5.685578,-5.7496667,5.2318087,-418.54678,29.14624,1.6904727,7.560067,-0.04792016,1.5488135,0.13537005,1.0251886,0.2998013,1.5503199,0.21374916,1.0744432,0.13027422,0.8859189,-0.009477677,0.15266353,-0.023763744,0.42538133,0.11845257,0.5533907,-0.0057816915,0.18245375,-0.17299305,0.83035576,-0.00048206677,0.14486909,-2.377875,13.163484,-0.16203043,1.6074244,0.29475036,3.2177334,-0.14661026,1.0173289,-0.030960029,0.950295,-0.041525945,0.801944,0.1201754,1.2388129,0.020231621,0.679843,0.017155625,1.1396519,-0.081911795,0.93921816,0.064852655,1.3525777,0.057412405,0.84618664,0.011760089,0.7826491,-0.05842313,5.0664134,0.0025027783,0.8236721,0.0123220775,1.5516181,0.0023752658,0.5144938,0.008802566,0.5840954,0.009766973,0.55795735,0.016047938,0.62141496,-0.0466453,0.63442296,-0.025853245,0.76025,0.011315946,0.57102656,0.0022406501,0.7448541,-0.030065902,0.6651835,-0.010779984,0.5337724,1561.1557638505944,1071.9763059616755,1078.5831724842917,784.4014612285886,2718.12996031746,1953.015275483026,0.1466936383928571,0.104985721446466,0.03480533,0.03959483,0.18925136,0.27788454,0.23132737,0.3152653,0.26414472,0.34726122,0.20733449,0.27877873,0.20018844,0.28430405,0.31441188,0.34271443,0.4144313,0.39352828,0.3255269,0.35494754,0.2755372,0.321,0.27469963,0.35038012,0.1995035,0.2779068,0.19022962,0.28304493,12.511885359932316,3.964024011686633,11.755224519967582,4.430585380020499,12.902371482928112,3.6029693236865072,18.00419419418652,3.62277547831329,17.805027007835005,2.8706571977694555,30.09987064857032,10.690489216166338,-0.0129103245437276,0.0471857096387566,0.0327900259550918,0.0722830418097162,-0.0526421173061766,0.0825776679806468,0.0116017966324251,0.0843042573929141,-0.003779651120147,0.0367986867640209,0.0121513007168052,0.0341809983150244,Frog,False,0.5487736971918106
animal,animal_sounds_caoofficial_cat_59.wav,data/processed/audio/Cat/animal_sounds_caoofficial_cat_59.wav,Cat,test,-116.31316,20.388704,25.026318,4.116753,-32.086384,10.672338,-0.10802768,8.095801,13.324446,6.6291623,5.5639424,4.8084216,-2.7516887,7.1813507,-9.398256,7.777621,-1.1657206,7.1272526,-2.3615725,4.902321,-7.199152,8.3532505,10.570906,6.8133473,17.570875,7.3603063,-129.60576,16.435957,20.73782,9.954734,-23.2129,8.459605,2.34031,7.1413035,11.46517,5.6628838,2.8146403,5.356907,-4.461671,6.4286356,-4.46849,7.4370747,-1.790466,4.7466726,-1.8698474,6.4548554,11.790649,11.175161,10.884923,6.8356204,4.5236564,9.94435,-133.95122,17.185873,16.997324,6.537633,-20.294939,6.9830155,3.1287906,5.644602,8.6546335,4.2068624,1.5759866,5.485809,-0.42451137,5.7903132,2.5642443,5.1702003,-8.858842,4.329479,-1.4456557,6.706992,-2.070112,6.1356535,14.264501,5.4631186,4.1567073,8.642048,0.16041657,2.8140292,-0.06389093,1.4374446,0.07339859,1.5023248,-0.08596908,1.2359604,0.043155096,0.9260039,-0.08187148,0.8893943,-0.016248895,1.0361364,0.074625865,1.239603,0.061901335,0.79732114,-0.07340516,1.0541928,-0.010811801,1.2510109,-0.061565913,1.0239116,-0.016359685,1.4823294,-0.07796135,1.2539692,-3.016941e-05,0.7604019,-0.026523676,0.7278678,-0.02164935,0.6511518,0.013279148,0.61909187,-0.009854321,0.5929576,0.012548559,0.5500956,0.020724718,0.5472739,-0.0054343427,0.50981843,-0.013298154,0.6349363,0.02755523,0.61346155,-0.0056988876,0.60557437,-0.002646536,0.64587986,2353.695096244076,250.9557582460961,1773.3665824190514,197.55508395226448,4231.398809523809,876.2606827624578,0.2150220114087301,0.0360412407775401,0.07772983,0.0548842,0.09581359,0.16877651,0.2776032,0.33638737,0.42403683,0.4020901,0.18678851,0.27098656,0.092208095,0.19416772,0.0997263,0.2403573,0.16395147,0.26347962,0.13791835,0.25070664,0.21919549,0.28067797,0.40376,0.38917056,0.20712589,0.24824458,0.16332339,0.29383802,16.476649735861272,3.9355595154285634,11.20967210403139,3.294806709985488,17.83829981089317,3.8764877580021193,24.82240267778704,5.309287808910588,26.920918404391067,5.538409445576847,25.33984064933169,4.356972949921778,-0.0331198873562007,0.1991706041594287,-0.0408826252048608,0.147315927856564,-0.0242192403502057,0.1892399037851475,-0.1019807068024958,0.1302879817925756,-0.0027657541369809,0.05724784306086,-0.0105564621247587,0.0789862193899248,siren,False,0.8084898896399593
animal,animal_sounds_caoofficial_aslan_8.wav,data/processed/audio/Lion/animal_sounds_caoofficial_aslan_8.wav,Lion,test,-143.54982,20.25344,111.776985,11.065974,-10.050025,7.227253,26.32162,4.8689737,1.6374762,5.1997147,-1.6576004,7.2764173,11.405111,6.0167255,-8.652324,4.6281943,1.0157244,5.7438955,-1.0304556,4.65883,-1.1021478,3.9156578,6.087206,3.1490512,-4.9943643,3.0116923,-290.90875,65.78386,22.325033,39.473644,-1.6726855,4.290447,5.651914,9.814382,-0.42992273,2.7466276,-0.5187501,2.2584295,4.353647,8.033049,0.9327592,3.1000652,1.1777849,2.600389,-0.857474,2.4550803,-0.85072106,1.8952452,1.4924308,2.688238,-0.00017313163,1.0269703,-327.906,3.0517578e-05,0.0,0.0,0.0,0.0,0.0,0.0,0.0,0.0,0.0,0.0,0.0,0.0,0.0,0.0,0.0,0.0,0.0,0.0,0.0,0.0,0.0,0.0,0.0,0.0,-0.96579427,5.108243,-0.61358076,3.1155918,0.010956471,0.7902052,-0.12974654,0.89378506,0.049523037,0.648137,0.032189693,0.7451467,-0.08458313,0.86842364,0.07062605,0.5853956,0.04285823,0.4199817,0.03344866,0.454326,0.028044183,0.4990637,-0.0661114,0.36540675,0.00317752,0.3851406,-0.27020705,1.6494514,-0.16127457,1.0009392,0.027308952,0.39809224,-0.019954773,0.41233495,0.015578171,0.386288,0.0027267667,0.35019127,-0.044051815,0.48282698,0.0041208016,0.30077514,0.020730337,0.29204214,0.013500602,0.23015162,-0.0010016079,0.30285305,-0.007209884,0.27728587,0.019341858,0.33027825,274.0039890950442,338.3909918605462,331.43817359728325,400.1760638490621,528.8938492063492,699.2869994189895,0.0197250124007936,0.0316325241782404,0.06984089,0.11440167,0.15492658,0.2857868,0.2226287,0.35332185,0.21006492,0.2989008,0.17890497,0.28164512,0.18007575,0.2843327,0.17024884,0.26463237,0.21408223,0.3360102,0.23629312,0.36836836,0.13979575,0.2606717,0.104748406,0.23837377,0.11408795,0.22744355,0.14189287,0.28431457,18.172777399446133,3.937615055375542,17.3569327831768,4.890264542379514,18.599750789746587,3.1673623826132045,18.921461477471368,3.5514588943504504,18.111297423928104,2.702159413430951,28.233158866354,10.707242664232728,-0.0079859570815989,0.0910635791580545,0.0143144559369176,0.0826437565425793,-0.0481574804880587,0.1155846611391954,0.0937221043055784,0.1022964415972015,0.0418444039612639,0.0413289214992883,0.0095819020158767,0.0476864348008013,Cow,False,0.7877253588127778
animal,animal_sounds_caoofficial_Kus_109_v2 (92).wav,data/processed/audio/Bird/animal_sounds_caoofficial_Kus_109_v2 (92).wav,Bird,test,-372.61542,52.830864,10.093346,5.7207456,-1.3121427,3.626168,2.7066762,3.4340475,-0.04128245,3.0483382,-0.99176455,4.5738335,-4.449195,3.8252692,-0.6696649,3.9203546,-1.0339783,3.284967,-1.6548342,3.5627427,-0.46680552,2.718722,2.2439358,3.1286845,0.24782975,2.9295635,-459.1836,87.400764,4.3444242,13.194422,-2.5977187,11.569965,0.239351,5.851932,-1.5394047,5.440122,-0.71441215,3.6140645,-0.60445964,1.9984268,-0.30097765,1.2895721,-0.22458549,1.1732905,-0.12491447,1.1705616,-0.1188056,0.6047346,-0.61979204,2.2048657,-0.981314,2.948753,-493.493,6.1035156e-05,0.0,0.0,0.0,0.0,0.0,0.0,0.0,0.0,0.0,0.0,0.0,0.0,0.0,0.0,0.0,0.0,0.0,0.0,0.0,0.0,0.0,0.0,0.0,0.0,0.07222572,8.578604,-0.012611518,1.2901213,0.014274287,1.1397344,0.008723956,0.67838854,-0.011366623,0.6537919,-0.019397818,0.57612765,-0.015584146,0.47779447,-0.02708924,0.39512855,-0.0045970213,0.25923684,0.003166634,0.39130485,-0.009263143,0.26784968,-0.02891479,0.4371797,-0.029860811,0.35694143,-0.108337976,4.6677446,-0.0056570675,0.92707115,0.041075777,1.0001405,0.012403271,0.5063985,-0.004222881,0.45645058,-0.0018309412,0.44916058,0.006243861,0.29041782,-0.019646896,0.27523676,0.0018942849,0.251955,0.00899193,0.19288136,0.011762918,0.26578322,-0.018821806,0.2880569,-0.018291803,0.2797614,1232.2093054514478,1597.3424477968456,822.7560151399604,1060.4141934604145,2240.5753968253966,2905.404542499244,0.1417488219246031,0.1849246935240186,0.000803422,0.0051637813,0.20958044,0.29882857,0.2407561,0.34322128,0.21802303,0.31244487,0.21649349,0.30883577,0.22334674,0.3214238,0.20950533,0.29741585,0.21786909,0.31134152,0.22551085,0.3181941,0.2401635,0.32889426,0.25965875,0.35684428,0.29263675,0.40148944,0.2472891,0.35142455,11.415591758593726,2.802511097599181,10.673130635935197,2.2864405393620846,11.740572672303305,1.5138672015079653,12.368536855196272,1.6621864329733769,12.934250290580955,2.2540523903605587,15.282807863394222,4.772870864399236,0.0038543329387052,0.041734323308689,0.0025344883123544,0.0578958816463005,-0.0523305860854364,0.0813628938678643,0.0240239660211257,0.0641690073532926,0.016816606338317,0.0249140479809977,0.0017840358514583,0.0328523159775901,glass_breaking,False,0.9924349871529418
animal,animal_sounds_caoofficial_dog_149.wav,data/processed/audio/Dog/animal_sounds_caoofficial_dog_149.wav,Dog,test,-245.99298,118.04608,35.29383,36.6013,-27.32541,28.370432,5.30232,6.1451144,-5.369741,5.617611,-6.6189656,7.823221,1.6497393,4.0997167,-4.7138577,5.589452,2.096967,3.671484,0.11064291,2.7617698,0.10044769,2.3310199,1.720424,2.9941845,-2.3400269,4.113118,-352.213,0.0,0.0,0.0,0.0,0.0,0.0,0.0,0.0,0.0,0.0,0.0,0.0,0.0,0.0,0.0,0.0,0.0,0.0,0.0,0.0,0.0,0.0,0.0,0.0,0.0,-352.213,0.0,0.0,0.0,0.0,0.0,0.0,0.0,0.0,0.0,0.0,0.0,0.0,0.0,0.0,0.0,0.0,0.0,0.0,0.0,0.0,0.0,0.0,0.0,0.0,0.0,-1.967229,6.7762566,-0.609495,1.9487534,0.44921795,1.6214713,-0.0673055,0.40482342,0.09800722,0.28785437,0.11426264,0.47351432,0.017257545,0.38312712,0.11097809,0.37681976,-0.01036505,0.37739184,-0.027397621,0.27281663,-0.021872124,0.1702672,0.026767448,0.32802677,0.10878531,0.35581923,-0.4035528,3.331522,-0.001822184,0.8231952,-0.050366066,0.7273124,-0.003841932,0.1824062,-0.013403557,0.17544845,-0.0021151232,0.166182,0.025001565,0.22474076,0.028107578,0.2716714,0.029445892,0.24680436,0.026339654,0.1901887,-0.026642527,0.18438591,-0.026451392,0.16545919,-0.040065285,0.20651278,261.15461556184675,586.3653576851236,169.14481630971875,381.2863791477593,432.16765873015873,970.6745370287543,0.0261346726190476,0.0599808719676869,0.018315716,0.077422656,0.0723221,0.2120236,0.08847441,0.22919916,0.09887916,0.24342659,0.10479326,0.26422027,0.07474554,0.18908785,0.060933508,0.16541085,0.06073024,0.17938869,0.06183345,0.16568644,0.07216062,0.18853542,0.07081829,0.20017862,0.057860155,0.17437036,0.044728585,0.1294119,12.842291956804791,1.4569008643232595,12.614733706971029,1.724109967145205,13.379218027114428,1.6811220372960587,13.81248609877948,2.3383512552858097,13.7074090037436,1.355852037113016,16.567966482113718,7.959872043047959,-0.0081750045882145,0.03482214186299,0.0366248383599948,0.0586611423620693,-0.0723335851752572,0.0809984620736126,0.0235263377516747,0.0627332916204485,0.0095956285573657,0.0272878177216636,-0.0066797738018933,0.0487727064768425,Chicken,False,0.5881762307354331
animal,animal_sounds_caoofficial_Kus_109_v2 (62).wav,data/processed/audio/Bird/animal_sounds_caoofficial_Kus_109_v2 (62).wav,Bird,test,-254.81729,121.22224,-26.383135,19.684908,-40.884186,22.789165,-18.679972,12.549581,-33.878685,18.904613,-23.423483,13.16687,-4.5428686,5.639563,-2.4805803,4.239833,-5.3103747,7.41629,-3.287769,4.0389934,0.24580547,5.4850745,5.2638435,5.943138,5.395425,3.895082,-479.04697,3.0517578e-05,0.0,0.0,0.0,0.0,0.0,0.0,0.0,0.0,0.0,0.0,0.0,0.0,0.0,0.0,0.0,0.0,0.0,0.0,0.0,0.0,0.0,0.0,0.0,0.0,-479.04697,3.0517578e-05,0.0,0.0,0.0,0.0,0.0,0.0,0.0,0.0,0.0,0.0,0.0,0.0,0.0,0.0,0.0,0.0,0.0,0.0,0.0,0.0,0.0,0.0,0.0,0.0,-2.1519837,8.785795,0.10071967,1.7715187,0.3609706,1.6603112,0.04848883,1.2039102,0.32776287,1.3487163,0.21451117,0.96096504,0.064010695,0.58939695,-0.022460852,0.43558544,0.09991295,0.57339966,-0.048717074,0.5104521,-0.06999547,0.628582,-0.0050171283,0.53861475,-0.044100538,0.21923183,0.056581102,3.9637847,0.060037658,0.6287204,0.08545765,0.7694106,0.055174667,0.51553595,0.057072375,0.61923873,0.0038442924,0.3964844,0.05036008,0.40129617,0.005515354,0.24452625,0.020488072,0.4361969,0.0052889585,0.22161816,-0.051963497,0.45473123,0.04894859,0.37239295,-0.008687017,0.18847461,818.7764626642448,1378.9749320428332,461.85936296580206,784.9286529690179,1366.4434523809523,2323.790347208532,0.0890842013888889,0.1540761168118992,0.0066156113,0.015772892,0.15222563,0.300739,0.086020604,0.18342163,0.059744548,0.154262,0.06778454,0.16788441,0.09785991,0.23691228,0.095938005,0.24005175,0.092350215,0.17648712,0.1761315,0.34314048,0.067927614,0.1429921,0.054026384,0.15853791,0.07343869,0.21113223,0.07826533,0.16418125,20.79833945052049,3.9724775995806936,20.295724191151127,4.408488449814446,20.81794281934991,3.27883462398982,21.319427277859692,2.792828764258233,21.7026638340281,3.0312757889679616,26.02052967015802,6.73534906301556,0.0140855614384342,0.0669903670819342,0.0460609324337264,0.0882134864855547,-0.0172519311068643,0.1262449178553854,0.0340027810584394,0.0604099088433804,0.0019660171467564,0.0420977857610186,0.0102954762960074,0.040310924400618,Sheep,False,0.5600857140418196
animal,animal_sounds_caoofficial_koyun_9.wav,data/processed/audio/Sheep/animal_sounds_caoofficial_koyun_9.wav,Sheep,test,-265.00833,176.89821,-1.6599742,6.110085,-4.8919854,6.9166827,4.623301,6.2346306,-3.2123165,4.7539487,0.37433738,1.4422301,-2.995434,4.6516824,1.6031727,3.6049361,2.7948003,3.8314126,1.4986523,2.894391,-2.2147229,3.5501015,2.0518184,3.2037933,-1.3130909,2.9831972,-409.80185,3.0517578e-05,0.0,0.0,0.0,0.0,0.0,0.0,0.0,0.0,0.0,0.0,0.0,0.0,0.0,0.0,0.0,0.0,0.0,0.0,0.0,0.0,0.0,0.0,0.0,0.0,-409.80185,3.0517578e-05,0.0,0.0,0.0,0.0,0.0,0.0,0.0,0.0,0.0,0.0,0.0,0.0,0.0,0.0,0.0,0.0,0.0,0.0,0.0,0.0,0.0,0.0,0.0,0.0,-2.6869333,11.49169,0.01503217,0.6923108,0.05131869,0.6315513,-0.14368644,0.36757645,0.010632259,0.47044155,-0.024470655,0.15566294,0.11313162,0.2830844,0.03687792,0.5117764,-0.03713236,0.28252667,0.0039615715,0.29305717,0.05221211,0.2360664,-0.052542392,0.17573974,-0.031587306,0.3832829,-0.19214146,4.590844,0.05027996,0.40604833,-0.008547045,0.3229657,0.0028437802,0.14977993,0.04062429,0.18792932,0.0064596874,0.09307731,-0.0066449414,0.08241419,-0.027655723,0.15447704,-0.009903199,0.10172114,0.003824516,0.17273776,-0.0062155467,0.109649904,-0.022623992,0.1597237,0.018551378,0.12039475,434.6267434127816,1102.692352540406,252.56758377110347,641.2086177454639,725.3224206349206,1837.8758586919284,0.0436740451388888,0.1125979230394288,0.021649271,0.06170546,0.032342155,0.09754287,0.021264637,0.06853288,0.030958539,0.093847394,0.02281654,0.08254736,0.020699028,0.07351651,0.04373848,0.15111902,0.07889997,0.23561676,0.09554688,0.2591116,0.04075186,0.12784682,0.03814466,0.12361803,0.059749402,0.18142323,0.09315943,0.26217136,18.002608676088432,1.1458024300210177,17.180125786037905,2.9333285662148354,17.93287651751177,1.9231773829830496,18.084590711411,1.6230681761423067,18.52878158552184,1.5035678501643357,21.06648848190527,7.822337599603304,0.019215122826915,0.0618648615606263,-0.0123152639888571,0.0596663634947505,-0.0016739063282752,0.132469744364679,0.0118756206088976,0.0767990478115865,-0.0034951906729006,0.0543759080601965,0.0019778362387562,0.0417826590739725,car_horn,False,0.5356464292450925
animal,animal_sounds_caoofficial_cat_176.wav,data/processed/audio/Cat/animal_sounds_caoofficial_cat_176.wav,Cat,test,-311.15424,132.56686,23.171413,30.605953,-23.73621,31.501743,8.071132,12.94754,-14.674078,19.886917,5.2080617,9.209752,-3.7487183,5.318423,3.4949124,5.285619,-2.6092963,6.277112,1.9210612,4.63782,1.7527837,3.347087,0.73536843,5.341773,5.407221,9.441769,-417.29037,3.0517578e-05,0.0,0.0,0.0,0.0,0.0,0.0,0.0,0.0,0.0,0.0,0.0,0.0,0.0,0.0,0.0,0.0,0.0,0.0,0.0,0.0,0.0,0.0,0.0,0.0,-417.29037,3.0517578e-05,0.0,0.0,0.0,0.0,0.0,0.0,0.0,0.0,0.0,0.0,0.0,0.0,0.0,0.0,0.0,0.0,0.0,0.0,0.0,0.0,0.0,0.0,0.0,0.0,-2.3202653,7.82235,-0.6785853,2.4757378,0.37548706,2.3753638,0.01693566,1.4602164,0.3828037,1.1272545,-0.2315754,0.98423517,0.09629423,0.47936046,-0.026078304,0.5295888,0.105652295,0.5982713,-0.019837277,0.57797104,-0.063421376,0.27750373,-0.11005366,0.5411194,-0.1645763,0.7240181,-0.051135957,2.5382679,0.19456385,1.2808733,0.01926077,0.71575505,-0.058526848,0.7549051,0.06717059,0.4950506,-0.09601211,0.87942237,0.038890302,0.39188534,0.032649033,0.29323652,0.017599992,0.3151709,0.005810974,0.32212922,0.031547613,0.21537237,-0.047845855,0.40667138,-0.08906458,0.5236845,249.6176463122099,645.578837118233,159.0546904756004,412.7622537250948,419.6428571428572,1096.5608621428648,0.0262199280753968,0.0708670642648183,0.009506436,0.02959626,0.050082624,0.1761619,0.07326441,0.2266349,0.07121425,0.22447254,0.03979308,0.14332475,0.05803318,0.1923338,0.055317137,0.19904183,0.03059386,0.11570548,0.031219123,0.12524547,0.039836187,0.14120387,0.045694966,0.1660165,0.024391856,0.096008256,0.03233688,0.12316633,19.521786735419425,1.794217744660047,18.505547093975213,3.9296944435580503,20.22707533468024,1.8030544753949689,20.002020963165798,2.2639746599940707,19.76389208335529,1.7910152336720926,22.957297826131736,7.955042773049809,-0.0139768492844536,0.0743715961953532,-0.0212761710553179,0.1155884950826161,-0.0750229083138359,0.138582316458914,0.0912002741769395,0.1062102133757211,0.012386352146616,0.0540814105161167,0.0046593644420638,0.0520457593676426,Chicken,False,0.7112649143762154
animal,animal_sounds_caoofficial_cat_144.wav,data/processed/audio/Cat/animal_sounds_caoofficial_cat_144.wav,Cat,test,-303.55627,128.92725,17.163387,18.373322,-29.15933,27.259874,-10.928401,10.737768,-9.776232,10.843869,-18.358065,17.532587,-0.8876955,4.906106,-3.5119781,6.82252,2.0799682,6.51052,-4.748613,6.313117,1.3115126,3.0529063,0.3378224,3.8480458,-0.33871093,4.7281713,-278.9421,131.39632,-31.457851,33.920624,-15.05905,6.8856874,-2.6116421,5.9591103,-9.579325,6.6582007,-3.7450333,5.125023,-0.966439,4.181638,-1.5983164,3.6521804,1.6068513,5.339838,0.81998605,4.048974,-0.033305533,3.409166,0.8179216,2.4428446,-0.13632277,3.0014465,-388.4732,89.74692,9.603244,14.403443,-13.18844,13.29022,-6.4268756,6.7781105,-4.76333,8.851805,-3.316132,8.127634,0.2943068,2.5383382,-0.7488811,5.988386,2.35174,4.9195943,-0.095505,5.5275054,2.0527768,3.6728275,-0.36072353,3.662069,-0.8963689,3.7813222,1.5290971,18.45795,-0.110228784,4.0657053,-0.24992552,3.114512,0.17019291,1.6211224,-0.15878452,1.6967692,0.076379456,1.5576278,0.047112986,0.6380634,-0.11121005,0.933395,0.14679727,1.1019676,-0.04614983,0.6931651,0.06211867,0.6060516,-0.031027243,0.551424,-0.007831629,0.62251973,-0.32508212,6.1357517,-0.088774145,2.0663466,0.09206916,1.4813846,-0.017812902,1.0365424,0.009973367,0.9682654,0.08634986,0.9850736,-0.029602407,0.48753783,0.056995332,0.6406769,-0.01156176,0.5655748,0.029140813,0.46939358,-0.0042621405,0.43621594,0.019137582,0.4161566,0.027509458,0.5034492,3416.7236946811445,833.9154857765703,2039.4961101815743,329.081574896606,5799.975198412699,1404.1968861574242,0.4152018229166667,0.126357188724961,0.013546289,0.021569367,0.6127809,0.21261674,0.62708765,0.22732532,0.5899746,0.24737002,0.5674809,0.2904495,0.5744579,0.28327686,0.6063855,0.2825012,0.60698986,0.25894254,0.62010026,0.258155,0.62575567,0.26324332,0.61615086,0.24415423,0.6478883,0.24847122,0.64171684,0.22508578,13.802801300990224,4.256868464597159,9.015643590297628,3.432176002395165,12.878682357715084,3.864131983960984,13.976161552036851,3.825482269560808,14.60092626987738,2.9951801100825453,17.63261620754193,7.132713689397923,-0.0025264456465386,0.0346932737133883,-0.0016774684361816,0.0445991795929558,0.0043472261685459,0.048236341263019,-0.0011320060769485,0.0587003492914274,-0.0053714495833558,0.0220323438467799,-0.0018436830076906,0.0252036658093301,glass_breaking,False,0.7259428211889939
animal,animal_sounds_caoofficial_koyun_14.wav,data/processed/audio/Sheep/animal_sounds_caoofficial_koyun_14.wav,Sheep,test,-135.3106,63.316273,82.87028,16.915928,-39.549423,17.174582,4.340585,6.627677,-4.71301,5.064033,-3.537789,4.897923,0.8053417,3.7574854,10.447493,4.2307935,4.2780557,2.367188,-2.309309,3.1947114,-6.696231,3.9123833,3.1032948,2.180954,1.9430996,3.5111997,-138.37082,53.023693,81.299034,10.293621,-37.954754,20.320919,4.16732,6.7203355,-0.972418,5.810439,-3.1248147,5.9013247,0.7306588,3.0001452,11.622332,4.6063504,3.0931334,2.2969742,-1.6255753,2.5748296,-6.4004784,3.8240812,1.0076268,2.3910365,0.55512506,2.4539425,-142.62193,60.671566,80.46562,12.534367,-35.618927,19.54814,6.3173428,7.391322,-3.48297,6.5826473,-2.507062,5.4844594,1.3089246,4.6116433,10.217698,3.9258344,4.2235894,2.4126563,-1.9094758,3.6536038,-6.1702538,4.214721,2.7840247,2.6747296,1.8400033,3.6291668,1.734329,11.033296,0.56415296,2.9606574,-0.5513842,3.7039976,-0.17393197,1.216212,-0.07158759,0.91684544,-0.1524236,1.0779353,-0.07187631,0.6594479,0.11146015,0.7124161,0.028640032,0.38699493,-0.04796233,0.4564324,-0.1165006,0.6738705,-0.030545773,0.48374143,-0.0035114777,0.5191452,-0.5693583,3.5286846,-0.2080586,1.2919269,0.060995962,1.2731475,0.0025532653,0.7246722,-0.007097703,0.4247253,-0.004839324,0.5375549,-0.013598561,0.38577443,-0.009841197,0.2823211,-0.014548023,0.30174255,0.0133847,0.27854997,-0.0055132536,0.27140763,-0.02244862,0.31949332,-0.021082496,0.32940537,1322.9495876423878,181.99303293592695,1102.2503974119325,290.2880852921716,2190.6001984126983,513.135146502702,0.1070343501984127,0.0332432390747398,0.07232959,0.038116932,0.32269856,0.27553356,0.27092618,0.22825953,0.16565497,0.22343276,0.151518,0.21968387,0.17565939,0.23314916,0.28276473,0.28040624,0.31245214,0.26768902,0.24694772,0.30128384,0.32087195,0.32820603,0.6552769,0.32082725,0.7041674,0.28585023,0.40594804,0.27782267,12.13759708390521,3.293302716472901,15.418238456462904,4.264704537135204,19.063958020625748,5.456202229114778,21.78082732294024,6.511896092651491,21.68743022515759,4.987477774666154,31.373096598140812,4.054753556580086,-0.0261994323520601,0.0768051376882274,-0.0005533221050106,0.1217333808792625,-0.1250123014407503,0.1046080033914963,-0.0280007555016456,0.1596145801475014,0.0058447543249059,0.0615948413180901,0.0320137842698762,0.0374216043063549,Cow,False,0.6800786682932962
animal,animal_sounds_caoofficial_dog_108.wav,data/processed/audio/Dog/animal_sounds_caoofficial_dog_108.wav,Dog,test,-167.36053,84.77073,24.310501,42.001118,15.875997,19.194977,2.632922,8.629328,3.7999103,5.240794,10.770192,5.53496,5.6753507,3.1412232,3.5803714,3.2016854,2.1212065,2.909409,0.9354211,2.368412,0.31068456,2.497281,1.1631052,2.382548,-0.7396015,3.3134017,-139.38046,59.67472,6.791732,28.14101,10.127037,13.482123,6.7742643,9.635584,2.721821,6.6421447,11.588945,5.2917914,5.9309473,4.6079664,2.8967435,4.1368256,1.3688713,3.9677963,-0.36960787,3.294022,1.0476749,2.5029864,0.24284294,2.414295,-1.1405874,2.9641113,-158.23824,59.899403,13.294896,26.630775,14.572879,15.526564,5.7684994,9.455344,2.6569345,6.3920264,8.672096,4.645882,4.9733844,3.2937598,2.4908729,3.2789075,3.3533456,3.1938632,0.65236443,2.9419506,1.702297,2.304994,0.34083456,2.832912,0.4756382,2.9585605,0.3751862,10.279359,-0.29388574,5.1753197,-0.0026819783,2.4070969,0.123676315,1.8329569,-0.062262814,1.081813,0.0035982728,0.9929958,-0.030361997,0.65724564,0.020480962,0.63139117,-0.0091943005,0.46311995,-0.060956646,0.44743901,0.0057608183,0.35101497,-0.02209281,0.38016286,0.038539253,0.44358084,-0.15407145,3.7055569,-0.03902739,2.4290106,0.019395756,0.9753996,-0.055543963,0.9211818,0.04528936,0.672752,-0.020094912,0.61114883,-0.00017002557,0.40838012,0.0005265409,0.43732232,-0.01002601,0.40445867,0.019455528,0.3939456,-0.021281626,0.3140111,0.018221008,0.29968175,0.02182147,0.34814334,3193.2567525117897,1238.98108835423,2184.5319489065546,265.41793120457,5700.396825396825,1651.1438578168145,0.3083689856150793,0.1972069950151962,0.034049943,0.031410117,0.6279276,0.20291908,0.6380164,0.18796313,0.67333883,0.21529552,0.63889843,0.20852508,0.60537404,0.21630965,0.62740666,0.2304441,0.61668545,0.19674286,0.64685583,0.19287534,0.71539646,0.2033748,0.73027486,0.20520128,0.713661,0.20517728,0.69303924,0.21774702,11.399295824370444,3.7902900127022794,10.238782360064254,2.9700617977207027,11.356908175950164,2.722836390227184,14.805801296252614,3.031431775061756,13.339876157593116,2.1053777661385897,14.84127773195343,1.772261161664002,-0.0256949770469426,0.0378490494395987,0.0050822367783329,0.0387097960771478,-0.0058335781925259,0.0353587031900834,0.0013714941839372,0.0380926247793796,-0.01008766662547,0.0153784632264565,0.0016415261160878,0.0184020175359666,Cat,False,0.6828506257296483
animal,animal_sounds_caoofficial_dog_154.wav,data/processed/audio/Dog/animal_sounds_caoofficial_dog_154.wav,Dog,test,-119.30573,88.1465,23.44486,11.182537,-27.300674,19.155087,-6.536735,11.153093,-3.9673157,6.837382,12.31783,5.9871063,0.94841385,6.5180006,4.4485583,7.8220572,-1.9745501,5.0417733,4.8084517,7.373974,-2.0296166,5.6147976,4.800905,5.602816,-1.2773632,4.355606,-123.17352,67.11699,22.770302,7.374508,-25.877365,14.487096,-5.583297,10.542975,-3.8224902,6.8843045,14.82421,6.352561,5.2499065,6.941046,4.3131433,6.5537376,-3.8701026,6.4707127,6.673868,6.2738824,-0.9080299,4.8007455,2.8491452,5.673558,-4.1383033,3.1474702,-119.6794,58.634884,26.561123,9.200081,-28.901005,13.934326,-8.773832,9.839839,-7.201838,7.415974,10.985045,5.717776,4.6637506,5.4234476,6.38165,5.0748386,-3.9835336,6.604266,4.084348,5.0730844,0.5855679,8.185512,4.613215,5.141116,-4.3383355,5.3592606,1.3847426,15.589079,0.15533826,1.3371117,-0.21600276,3.121478,-0.09498133,2.1499364,-0.058454648,1.5553889,0.02206018,1.148643,0.0072039086,0.9986561,0.06530531,1.0575154,0.026245743,0.95144564,0.018264007,0.94452035,-0.1121452,1.0649885,-0.052405566,0.9906786,-0.024767486,0.7743108,0.10174264,10.266763,-0.00670106,1.0732131,-0.16607302,1.7500042,-0.12930326,1.2246581,-0.021635419,0.98974735,-0.076054625,0.8368771,-0.012731636,0.8014176,-0.03622893,0.7092177,0.043378193,0.7802087,-0.04800692,0.6434205,-0.03954419,0.778882,-0.06612928,0.76503986,0.004496685,0.5812159,2323.7286819728,479.8981902969711,1692.336795704237,267.5995835816396,4252.852182539683,994.615184719598,0.224090091765873,0.0833279459445231,0.17992681,0.2475472,0.34467375,0.3313687,0.40924883,0.31280428,0.5455665,0.37300605,0.45086718,0.3431508,0.35209712,0.31316903,0.3125922,0.32752675,0.28035024,0.27626634,0.29387304,0.30339253,0.3329325,0.32103172,0.2532726,0.2578551,0.24485204,0.26911446,0.2858678,0.3047821,13.51185529145821,4.446190239038297,9.61399039396858,3.035631023386392,13.783394045040254,4.317172570821026,18.75970489514552,4.485296374974963,17.066793782899452,3.54887726035584,34.10289326776195,7.846459620200544,-0.0066937705826715,0.074835995076302,0.0152891761631834,0.0840643781297121,0.0082902509630431,0.0923145086160991,-0.0061093362580456,0.1036001555994424,-0.0063242581573287,0.043106484491469,-0.009064869123644,0.0366717841423998,Chicken,False,0.945435108841016
animal,animal_sounds_caoofficial_tavuk_3.wav,data/processed/audio/Chicken/animal_sounds_caoofficial_tavuk_3.wav,Chicken,test,-117.34193,42.731968,50.796967,10.160491,-76.04457,17.088839,9.044785,7.1724515,-24.059109,10.52942,29.241278,4.9086156,-11.143171,5.5295076,-0.4646131,3.8204093,-0.31357867,6.489883,8.6149235,5.732976,11.688339,6.196631,-2.8186383,5.2841763,3.3993523,3.8791933,-217.90732,122.418304,42.052055,33.120792,-34.75919,30.437153,7.896137,8.337232,-19.45393,17.720087,7.3027067,10.87685,-6.6175942,7.2736506,3.5367694,5.330528,-0.9855017,4.185589,2.4404767,4.590012,4.308786,5.42735,-0.5799584,3.8601737,3.0374336,4.501691,-374.23892,0.0,0.0,0.0,0.0,0.0,0.0,0.0,0.0,0.0,0.0,0.0,0.0,0.0,0.0,0.0,0.0,0.0,0.0,0.0,0.0,0.0,0.0,0.0,0.0,0.0,-2.483321,9.51563,-0.34021413,2.0471437,0.71160644,2.8452291,-0.09708697,1.0492822,0.3791285,1.596163,-0.24190155,1.4368454,0.16057657,0.71520734,-0.041670293,0.63006353,-0.05415182,0.7414354,-0.13797489,0.7113058,-0.08444354,0.7681749,0.06352774,0.6275773,-0.06580199,0.52039325,-0.34766945,5.7507997,-0.040699672,0.92866725,0.087110795,1.9801764,-0.018493183,0.5830726,0.012235596,1.0638157,-0.0355117,0.9223015,0.0076206014,0.5611806,-0.002418344,0.3053472,0.010737599,0.42888728,0.024213403,0.45316565,0.050262786,0.56272805,0.024062822,0.46172333,-0.022201883,0.37833712,935.4047143682157,864.9674901957707,585.7038760943813,541.1526284368473,1577.3809523809523,1471.9599563370623,0.0998806423611111,0.0948140658459871,0.071387604,0.0978296,0.11297179,0.21446134,0.10876851,0.17169526,0.18034835,0.24640398,0.27065694,0.34149832,0.2991249,0.36810663,0.29837316,0.37275174,0.28363928,0.35155392,0.20700845,0.29135185,0.15208359,0.2520599,0.10716795,0.19011156,0.09389166,0.18562794,0.116813354,0.24338073,11.820525833108336,2.491711799569429,10.830181504402876,2.558804686135945,14.195526921996857,4.049294345142778,15.606494533393215,4.064872778359359,15.409511821048518,3.366330003094524,30.275010608509664,16.744916511233793,-0.0182928241115912,0.0498947145102496,0.0274025547785654,0.0614777722463656,0.0018685100441203,0.1081071330753082,0.0281530305972348,0.0932069608968042,0.0043087845071568,0.0384414991142443,0.0168001192219053,0.0325716840260833,Monkey,False,0.7188287559175774
animal,animal_sounds_caoofficial_maymun_22.wav,data/processed/audio/Monkey/animal_sounds_caoofficial_maymun_22.wav,Monkey,test,-238.44176,107.65052,-14.473269,24.780136,-5.931453,11.797677,14.0482435,9.528228,-5.0033965,5.092094,5.3952627,7.1051087,10.723608,6.674853,18.538162,11.021823,0.86130977,8.782414,-14.958189,9.367688,-11.559407,13.521572,12.519295,7.33765,6.366142,8.688303,-233.97226,68.624756,-11.422067,30.545841,-12.69056,15.936074,16.149515,5.1412024,-3.9579253,4.5406513,14.2371855,6.2324786,17.697592,6.9699607,13.659511,6.8475614,-15.247231,6.4338026,-12.074824,7.415889,9.275599,8.556265,16.519575,7.8317323,-5.0606546,7.7096677,-244.7026,45.933163,-26.81325,24.670835,-10.868922,9.75465,13.783151,6.465015,-2.8934586,5.590601,18.526915,7.732731,14.736526,5.285606,21.543144,12.099932,-10.375196,9.331351,-12.254475,9.942297,1.2523342,16.647734,18.608723,7.7884555,2.7639859,11.937914,2.3987255,14.407566,-0.06643329,5.9471474,-0.27788442,2.7525563,0.2558484,1.5628104,-0.03975605,0.7692719,0.10927278,1.2160771,0.08686421,1.171839,0.3515843,1.7883762,0.09443114,1.3230863,-0.16397096,1.4933568,-0.19796917,2.1711,0.1482547,1.4097611,0.17177537,1.5193357,0.13422275,6.0297165,0.06526863,3.1134353,-0.075825825,1.5988165,0.040835924,0.9048338,0.05337602,0.62591755,-0.05917825,0.7509211,-0.036348242,0.6413144,0.034706175,0.97341,0.06109645,0.7514598,0.019060543,0.95079684,-0.047874283,1.2169206,-0.0136489095,0.87866503,-0.016557554,0.83379346,3038.791892406606,818.9507033751416,1621.6718791125395,361.6602523529236,4834.6974206349205,1128.3627424326858,0.3191266741071428,0.1139903794804038,0.02161653,0.020071365,0.4346213,0.3971128,0.34089547,0.30375463,0.42055508,0.43932754,0.29610848,0.3378224,0.11828586,0.15198147,0.096439995,0.16019261,0.13439187,0.19252712,0.220005,0.28199375,0.17116071,0.22279471,0.20309652,0.25365788,0.23655753,0.2776085,0.3067662,0.34792918,11.123404787510468,3.333090700929501,9.967146507183855,3.556930775066872,11.818758308696944,3.320899963619569,24.80874266777285,5.165799263890328,25.80356196733605,4.677115198806698,37.62458697290129,8.124012729985298,-0.0001118300004837,0.1120636274519992,0.0076489035400958,0.1295269035304551,0.0440595944352917,0.1668025262221457,-0.0646227180721271,0.1444633332728615,-0.0034473741932768,0.052919859409447,-0.016093604930026,0.0476033097103801,Bird,False,0.608698576628665
animal,animal_sounds_caoofficial_dog_156.wav,data/processed/audio/Dog/animal_sounds_caoofficial_dog_156.wav,Dog,test,-228.16876,107.534996,15.554625,24.424047,-33.119083,31.27262,-4.56633,9.317297,-3.8243132,12.967133,13.837888,22.524778,-0.51327217,8.507644,-13.611964,16.808538,-5.6972666,11.537077,9.370095,14.449237,6.7334914,12.598621,0.24752998,8.38261,-2.1473415,7.925389,-337.31213,3.0517578e-05,0.0,0.0,0.0,0.0,0.0,0.0,0.0,0.0,0.0,0.0,0.0,0.0,0.0,0.0,1.2979903e-05,9.094947e-13,0.0,0.0,0.0,0.0,0.0,0.0,0.0,0.0,-337.31213,3.0517578e-05,0.0,0.0,0.0,0.0,0.0,0.0,0.0,0.0,0.0,0.0,0.0,0.0,0.0,0.0,1.2979903e-05,9.094947e-13,0.0,0.0,0.0,0.0,0.0,0.0,0.0,0.0,-0.4956703,10.117905,-0.15128326,3.028628,0.20512354,2.7507346,0.047590468,1.0786629,0.06485208,1.8991448,0.016760053,2.5846934,-0.049365338,0.5354925,-0.009331847,1.8703736,0.016653799,0.91910046,0.023746267,1.7751988,-0.07431405,1.3470771,-0.09335134,1.0463456,0.08365778,0.93668985,-0.9008554,5.4730186,-0.16174611,1.7042178,0.27405408,1.5763986,0.046991196,0.807936,0.13757253,1.30866,-0.01893977,1.0452908,0.0210537,0.5892931,0.0622519,0.77548087,-0.039638367,0.85850376,-0.046402175,0.9939386,-0.10039679,0.9888063,-0.043567818,0.6585838,0.08154342,0.7097105,347.5123552696716,725.4447323023901,203.4934309138952,445.8672836459183,518.2291666666666,1160.6518627330825,0.0329783606150793,0.0678009587590354,0.059596572,0.14403276,0.022682471,0.10706587,0.02897925,0.13690044,0.045496795,0.16378386,0.08827915,0.2537987,0.10638468,0.2641487,0.0984386,0.27248514,0.04194415,0.14418402,0.040856306,0.16997807,0.020044945,0.09551661,0.0151715465,0.073323056,0.01862868,0.089488626,0.017890172,0.0979081,16.69369616906746,2.8756260321880025,16.135129792040146,3.97835783286318,16.860703376529514,3.204123485677748,19.96470723953265,5.943112189444899,19.927079026682545,6.367608190888563,22.70990005077096,10.37163903318764,-0.0089563255937372,0.1108388037856713,0.0302280003506978,0.0852764490573258,-0.0384805907268037,0.1568291179518992,0.0781972692495888,0.1179293706298872,0.0331110806591171,0.0551432575772038,0.0148354364389975,0.0555727650586291,Monkey,False,0.3881320368645488
animal,animal_sounds_caoofficial_koyun_13.wav,data/processed/audio/Sheep/animal_sounds_caoofficial_koyun_13.wav,Sheep,test,-231.19719,83.215355,8.559995,8.042595,-100.998535,32.138184,-9.17088,7.1744246,2.2924225,6.580454,-11.107354,5.8737884,14.918617,10.238321,25.18137,9.647553,3.1671062,5.8906484,26.474665,11.585302,10.303165,6.3935914,-9.072185,5.2181964,-7.3077936,4.448099,-476.15414,0.0,0.0,0.0,0.0,0.0,0.0,0.0,0.0,0.0,0.0,0.0,0.0,0.0,0.0,0.0,0.0,0.0,0.0,0.0,0.0,0.0,0.0,0.0,0.0,0.0,-476.15414,0.0,0.0,0.0,0.0,0.0,0.0,0.0,0.0,0.0,0.0,0.0,0.0,0.0,0.0,0.0,0.0,0.0,0.0,0.0,0.0,0.0,0.0,0.0,0.0,0.0,-0.099998005,14.803292,0.0079212645,1.0311215,0.07461869,5.706254,-0.01603158,0.7721057,-0.032213088,0.6311534,-0.019942135,0.7790181,-0.06419546,1.3797573,-0.044852246,1.5262808,0.04259081,0.71871036,0.043742795,1.9262526,-0.06494582,0.44264585,-0.022214137,0.68876964,0.035097267,0.5727784,-0.7823027,6.3132067,-0.003169234,0.5579637,0.3377553,2.4508958,0.034232732,0.5118976,-0.020354772,0.30303907,0.026501043,0.5416086,-0.106227145,0.73499656,-0.07866924,0.7350779,-0.01013813,0.3464837,-0.05824163,0.73551524,-0.041011285,0.30058396,0.013225117,0.3735888,0.041211143,0.2849555,674.5120081684913,988.8012862384608,281.8279327520688,457.3498765246574,889.5089285714286,1353.617360217277,0.0763578869047619,0.1141426705002838,0.0155293215,0.027693048,0.14383687,0.23120102,0.2094406,0.32103938,0.26521254,0.39992633,0.23319802,0.3560995,0.18300344,0.28752863,0.15613988,0.26078546,0.18860567,0.3266064,0.12566355,0.25756148,0.050996568,0.09987409,0.043384388,0.07553381,0.056299508,0.092389494,0.089643255,0.14950758,18.125600139588347,4.740074355801575,18.79266518052576,4.798215523051614,24.026002753999904,7.174031681130085,20.31249745725807,2.173451137603662,21.70715335898052,3.688653533270095,23.112184918822965,5.057183585787448,-0.0155667547807254,0.0717175789939792,0.0456005320004186,0.0810892587539036,-0.0034909329657994,0.0689677477600808,0.0161507843720115,0.0822972401572017,0.0093450895362526,0.0289115459687819,0.0106425245471728,0.0311455365789545,Frog,False,0.7572311081961516
animal,animal_sounds_caoofficial_aslan_42.wav,data/processed/audio/Lion/animal_sounds_caoofficial_aslan_42.wav,Lion,test,-115.72096,42.81575,54.02091,11.746846,-18.50826,10.70362,5.9837103,9.777006,-3.1237183,9.603096,7.2612267,8.348165,3.7749815,9.860137,8.553172,9.404592,3.999721,8.036375,4.033392,5.9816995,0.54853565,4.7227244,-2.9615688,5.9862404,0.6830382,3.6244423,-367.6583,102.84632,17.579723,30.094025,-5.2390804,12.423688,3.2388735,5.812217,2.4731455,6.0502152,1.7813259,4.290892,1.8889139,6.1156955,2.107206,4.574525,1.8218073,3.3486555,3.4288476,5.9813833,1.1678642,2.8295271,-0.88430804,3.0173118,0.62700194,2.076225,-424.19354,3.0517578e-05,0.0,0.0,0.0,0.0,0.0,0.0,0.0,0.0,0.0,0.0,0.0,0.0,0.0,0.0,0.0,0.0,0.0,0.0,0.0,0.0,0.0,0.0,0.0,0.0,-2.1828957,8.758251,-0.49696273,2.8003123,0.15727916,1.8348712,-0.033002436,1.4482844,0.021598943,1.5567526,-0.027060293,1.037905,-0.118452504,1.1984193,-0.06785358,1.1329535,-0.06557285,0.97215486,-0.09608823,0.67057705,0.04547829,0.6819498,-0.028471716,0.8177617,0.015138456,0.4344049,-0.34994337,3.036129,-0.028328165,1.3857855,0.0970593,0.9917896,0.018086389,0.74400854,0.018704168,0.77794194,-0.0044550365,0.6288488,-0.053258393,0.6827062,-0.022406416,0.61381,0.018158356,0.48317072,-0.03701163,0.3778804,0.0066626603,0.38031435,0.04754563,0.36962116,0.018258495,0.3472514,646.0178350354205,795.579924002211,624.9619471983434,747.0909154648948,1252.232142857143,1538.2023423820729,0.0524863591269841,0.0717724071477968,0.021893198,0.034193482,0.20218454,0.29145473,0.2009017,0.28842136,0.19677943,0.28920996,0.19378772,0.2839225,0.21427654,0.3026866,0.22644107,0.3140289,0.27613395,0.3666724,0.26313105,0.34573004,0.2519109,0.3429376,0.22718439,0.31329083,0.23666337,0.33604112,0.20787504,0.29284686,12.817964542577151,2.920663046167605,11.674324045844845,2.229450272501653,12.801056881640491,2.5686002917877166,13.81098066408369,2.910708572103577,13.83903732243253,2.684087183594025,21.279569034423087,11.462020070893244,-0.0132411585768197,0.037384396234975,-0.0038384787973352,0.0545332024539905,-0.0704012615901851,0.0795009910314502,0.0301375069067852,0.079693169689535,0.0095985837041246,0.0216433873319008,-5.907185019048451e-05,0.0281141293102801,Frog,False,0.5096114016157461
animal,animal_sounds_caoofficial_tavuk_2.wav,data/processed/audio/Chicken/animal_sounds_caoofficial_tavuk_2.wav,Chicken,test,-109.68209,65.66598,56.07232,15.8515005,-56.637318,19.968975,9.112138,10.444515,-15.261111,8.756239,28.974491,9.306101,-2.1471255,7.9102197,4.376176,5.6788487,-3.4103062,6.694424,-3.5746522,7.146894,5.4266014,6.2566385,-5.5992174,7.811589,10.004659,6.5601683,-248.0621,133.74728,14.966167,23.387379,-17.871134,27.272078,8.522575,15.371652,-8.183421,13.1790695,6.9526877,11.131546,-1.8341624,5.653072,0.5732881,4.217726,-1.067921,3.0200968,-2.196758,4.4451666,0.51075244,4.418172,0.4181841,3.0423558,3.882229,6.95821,-336.90894,0.0,0.0,0.0,0.0,0.0,0.0,0.0,0.0,0.0,0.0,0.0,0.0,0.0,0.0,0.0,0.0,0.0,0.0,0.0,0.0,0.0,0.0,0.0,0.0,0.0,-0.41412997,11.272123,-0.14903353,2.4242454,0.12997615,2.5664463,0.08469901,1.8461308,0.039558902,1.3772672,-0.06853425,1.3249993,-0.059347924,0.93495774,-0.053309593,0.7718083,0.0538618,0.52385294,-0.044291876,0.6878511,-0.0236559,0.7344341,0.03894146,0.92738146,-0.016834145,0.94048786,-0.82421106,6.0289288,-0.25512865,1.3882695,0.20915109,1.67577,0.03788224,0.9671314,0.0673732,0.7655572,-0.119639866,0.8053272,0.0005430494,0.5941811,-0.05217784,0.5640194,0.036260612,0.5768156,0.01135306,0.56371677,-0.03797383,0.59832096,0.034046784,0.6698695,-0.023783043,0.4826199,760.7900473414056,881.2429469289615,520.1309879642201,610.7584028417513,1310.0198412698412,1536.7677915488855,0.0725446428571428,0.0904016421864674,0.09425318,0.14031057,0.17701446,0.30501136,0.14032489,0.22053522,0.19042264,0.33409435,0.17336318,0.30171064,0.16998118,0.28556994,0.16610783,0.2880505,0.107303604,0.2020055,0.10085389,0.1845428,0.11115988,0.2358958,0.080035165,0.17020792,0.09701065,0.19382058,0.14446752,0.27152374,17.048789261487453,3.797682458545096,13.528052816011586,4.367825436419868,15.712500523228837,2.998543485370217,17.70435003393738,4.196036945335927,19.86419317115934,5.602537204881793,27.70851312288363,14.90756685357412,-0.0009456351522495,0.0665122274413092,0.0367763854423038,0.0802545196818083,-0.0338980247735952,0.0860251487244817,0.0532575694489332,0.116034420085595,0.0138847748563926,0.0363605159430833,0.0124530783657628,0.0456940902520865,Monkey,False,0.520420962785628
animal,animal_sounds_caoofficial_dog_115.wav,data/processed/audio/Dog/animal_sounds_caoofficial_dog_115.wav,Dog,test,-207.8086,87.0668,26.362555,12.07445,-26.852045,17.03431,-8.220042,8.403487,-15.772574,10.617086,-1.448099,3.579287,-8.078849,7.484633,-2.7971964,4.5776877,6.1537313,4.300435,6.7527933,4.7584314,7.969703,5.2202444,0.879896,3.1423135,-4.5494804,5.009626,-151.33458,56.33839,31.222122,9.744821,-37.737446,3.6542423,-11.739625,4.101261,-21.783413,3.8032923,-3.1159022,2.8729172,-12.745839,2.0984778,-4.533001,3.4678361,8.399973,2.8155937,8.323968,4.135879,10.644056,2.9602404,0.13843773,3.0444944,-7.695228,3.7485785,-308.5185,116.88023,17.346401,17.40816,-18.273348,17.964647,-6.840482,6.7286787,-10.071026,10.182542,-1.4199306,2.2732756,-6.054772,6.2081227,-2.685709,3.5201097,4.280599,4.3449097,5.27711,5.457853,5.9946203,6.1336427,0.10873883,1.4548937,-3.7877698,4.1809616,-0.66701424,12.903049,-0.10633521,1.6961329,-0.023530865,1.6473333,-0.04202032,0.8000735,-0.015085273,1.0247421,-0.030450873,0.4045284,-0.02756067,0.7225726,0.0011696323,0.48321372,0.0075129373,0.56304806,0.009961798,0.5788807,-0.019700652,0.63488,-0.024797557,0.27944213,-0.008842868,0.5110217,-0.044021863,8.146111,0.0038075598,0.96568334,0.002303063,0.7415299,-0.0035734177,0.44042796,-0.0050034183,0.5205858,0.008541081,0.29270974,0.0042563886,0.34084573,-0.0074634096,0.3664009,0.005208704,0.33897817,-0.008569174,0.40645128,0.0152701065,0.40924102,0.013471484,0.2263513,-0.0033565366,0.28633365,1764.9717480952727,838.912101133856,1368.1192649125662,633.5597409664034,3315.1041666666665,1589.2254944031736,0.1565367683531746,0.077619589478886,0.030441472,0.046913654,0.13736577,0.22126038,0.19695273,0.249678,0.20581235,0.24801928,0.28647107,0.25961813,0.3060023,0.24921799,0.47989333,0.28137428,0.77486086,0.37401986,0.26368988,0.2163056,0.17290711,0.2505874,0.23594499,0.28541276,0.2503402,0.2637851,0.16199107,0.22474456,13.27364899841301,3.774085385633177,11.253813489648644,3.9203543572889226,16.64703359870561,3.824973088674516,17.102673978761125,3.1549140750513818,17.715803362806938,2.657463344302548,32.16114906948436,8.546679393371486,-0.0286495021124447,0.0343280809259808,-0.0078029542922477,0.0572816214993826,-0.0947138465874433,0.0618703024913326,-0.0289482837690726,0.097852548924142,-0.0040293722749605,0.0341089969327858,0.020460561619118,0.0284295332761313,Sheep,False,0.5673966552470233
esc50,5-117118-A-42.wav,data\processed\esc50_16khz\siren\5-117118-A-42.wav,siren,test,-126.47824,32.657356,111.929115,6.1184263,-38.410416,15.0955925,-0.7667103,9.27756,-11.420222,5.5720897,-9.608115,3.3679426,-13.450655,4.0075636,-9.813314,3.6382976,-1.2665305,3.189738,-7.5325193,3.6662872,-5.4792066,2.7690737,-2.6494482,2.954235,-0.6390025,2.6898487,-83.53234,7.1075044,86.422714,7.202744,-60.93929,5.9592624,11.672733,4.3255663,-20.345325,4.7942224,-1.5794017,3.8567283,-14.364046,3.131049,-3.4357524,4.4246426,1.3800703,4.086279,-3.9204352,3.9982696,-5.6584067,3.9947424,-2.0329251,3.6790106,-0.89574444,3.3806179,-70.93023,6.9428515,80.05947,4.791688,-60.735462,4.823487,13.855288,5.0119743,-22.734808,5.6029882,-1.3689429,4.168461,-13.120178,5.94352,1.1658493,4.5660305,-1.3763216,4.3115635,-5.5307417,4.0505266,-10.918207,3.6446798,-7.188691,5.4723635,-3.0154471,4.2046084,0.93400246,1.6900373,-0.25072178,0.8176423,-0.40447137,1.0245454,0.10715198,0.8682929,-0.15699872,0.5423186,-0.027741909,0.67250466,0.0019723685,0.793815,0.053304944,0.7443101,0.030359885,0.68286836,0.014347107,0.6387148,-0.011694331,0.6161714,0.023276333,0.85081357,0.036437567,0.6826943,0.052757926,0.7828801,-0.02615958,0.49835095,0.061388295,0.4998109,-0.0062710857,0.5316208,0.032602564,0.41335866,-0.010439115,0.41740814,0.019446429,0.39683136,-0.00665644,0.46453074,0.004393201,0.4242391,-0.004770083,0.43943375,0.017134663,0.4263856,0.0007266917,0.48490724,0.024024297,0.44676828,1136.4404293016744,176.50444468713115,838.0256658152938,106.73322518965156,1859.8726114649685,283.5430473977014,0.1001443073248407,0.0224010756237055,0.24425456,0.0970758,0.19935472,0.30274642,0.23691352,0.28879294,0.23270708,0.28059116,0.13080937,0.22533773,0.11010073,0.1913755,0.16515423,0.26627547,0.18850896,0.29674116,0.22817847,0.30215955,0.4051798,0.34862,0.46532318,0.40252218,0.22365016,0.29057428,0.19171347,0.28159925,13.814760937190336,4.20940462592659,22.034792738756213,4.757836618774983,24.02698686694578,4.754623706019157,24.79070963804697,4.8184574950114,25.33528852994949,3.2316884512458133,38.551351181013175,6.057602941074876,0.0963793747659443,0.3117638980635214,0.0157422064618496,0.2322240059647414,-0.1096642663595597,0.2618406471161207,-0.0490476644722526,0.2997100344875843,-0.0333867431690187,0.0921379728395501,0.0028268894281499,0.0970208206435815,Cow,False,0.8381059916384096
esc50,5-117120-A-42.wav,data\processed\esc50_16khz\siren\5-117120-A-42.wav,siren,test,-101.69923,42.859478,-22.206217,34.00381,-39.929268,12.288059,-3.7383897,3.6585526,-12.689681,5.8626842,0.6606683,5.242472,-11.362636,6.7956414,4.081512,8.559117,1.3865826,12.771425,13.846679,15.190808,10.704474,14.402462,-1.046903,17.516655,-6.547997,14.860514,-81.55098,6.7635927,-42.519924,4.74608,-30.80078,3.2841144,-3.1859426,5.979977,-14.140039,4.1739683,-3.9476619,5.2522173,-3.3110962,4.2914476,18.10374,3.368558,15.108771,4.2877812,12.71332,6.4872503,-13.511339,3.7662401,-16.711605,6.2637706,4.4463835,5.6598005,-80.62025,7.0007777,-42.199627,5.816792,-32.599205,3.1946344,-5.898978,3.8970115,-15.668923,2.118693,0.46984136,2.6940858,-3.5502598,4.1122327,18.11462,2.7759697,21.875734,1.9618524,3.5888078,2.1091917,-12.272296,2.0635834,-19.479776,2.2198749,8.524471,2.6527658,1.2778554,4.126732,-0.70493674,2.0994525,-0.021930069,1.1572102,0.04961754,0.7587989,-0.13076892,0.8732827,-0.051189836,0.5750152,-0.059054606,0.91274613,0.08385837,0.6785082,0.14122021,0.86280435,0.04748117,1.0814513,-0.093821675,1.276175,-0.12616931,1.4919182,0.045535702,1.5753522,-0.17376561,1.0404818,0.06916697,0.71199185,0.099372655,0.5676277,-0.018178202,0.545083,0.06893994,0.48696434,0.008318465,0.39206225,0.011429884,0.44509393,-0.018572973,0.40696803,0.003355664,0.41838202,0.017625343,0.42547747,0.027284106,0.49414036,0.0064011766,0.62908804,-0.014845927,0.6277984,2924.085610934298,354.63107839214075,1664.8745493485733,142.10588790858984,4820.5613057324845,566.2406724421636,0.2767777169585987,0.0609007030611268,0.25558493,0.09209512,0.09494056,0.18877856,0.119209595,0.26708725,0.23015448,0.29469925,0.3710889,0.34366783,0.11941253,0.22185035,0.08467047,0.21268758,0.08009172,0.20135914,0.24685669,0.24589457,0.6685902,0.41860536,0.11878813,0.13859557,0.048239008,0.12961556,0.06915923,0.1788803,12.736816644282497,3.491144119309484,10.850979825143275,3.647718328935132,18.21550297469274,8.17657844845553,27.040001015159906,4.518120256298571,29.10864126494411,4.119716064920481,48.07643045716732,5.836674059934229,-0.373889984839542,0.3622327875646381,-0.1400032371714576,0.2322097962220684,0.1389970090566486,0.2299963452714358,0.3458310381337334,0.3640947960316137,-0.1430484314180756,0.1409975492462205,-0.0490459801612874,0.0739362667813644,Cow,False,0.6605430507396003
esc50,5-117122-A-42.wav,data\processed\esc50_16khz\siren\5-117122-A-42.wav,siren,test,-169.32318,55.19912,110.496735,11.822561,-17.03427,25.044853,-1.2781663,6.8393545,-12.82419,5.519942,-8.712431,2.5392811,-9.880513,4.0918865,-7.423245,3.2266245,-4.0448904,2.6728904,-5.1747766,3.2853174,-2.640486,2.9838881,-4.294179,3.2260087,-2.7581253,2.3504183,-91.84809,5.4234653,91.20628,9.809142,-50.73509,6.177965,11.422625,3.5270975,-23.923166,4.5265584,-1.5779917,4.5530467,-15.5537405,3.8267593,-5.311402,4.1117015,-5.763747,4.193319,-3.2367413,3.4397867,-4.9704914,4.241384,-4.141095,4.3535705,-4.740032,5.2889404,-88.7455,7.822627,90.3146,13.412441,-51.433453,7.4100356,11.920613,3.6405358,-23.548883,4.709966,-0.55181664,4.071835,-13.770128,3.2109182,-3.4841855,4.222255,-5.0668635,4.0014424,-1.9965117,3.6969628,-4.7877254,4.1875596,-3.545634,4.6324406,-2.6507401,4.74715,1.1953605,2.2941206,0.24402858,1.3638254,-0.4782008,1.0678539,0.018395366,0.69428253,-0.10051369,0.57839644,-0.008216025,0.6481703,-0.06643397,0.55241615,-0.025947753,0.5692067,0.0073014693,0.52215433,-0.042167064,0.48577142,-0.031331915,0.5688394,-0.004680524,0.7046487,0.0036058442,0.7101646,-0.06714144,0.40942448,-0.058895987,0.46457565,-0.0018262757,0.3940873,0.03307997,0.39009568,0.03696454,0.428073,-0.0023569902,0.38097194,0.009683255,0.40109065,0.01947402,0.36786202,0.04351853,0.44267136,0.027107531,0.37386477,0.026978064,0.43291384,0.018755129,0.49055016,0.020773627,0.42301515,1019.8063747768192,203.5214455788905,839.9427411931746,121.2423509720749,1691.5804140127389,409.0999164539917,0.0819503881369426,0.0194223932589538,0.18383388,0.08756775,0.2632844,0.30774543,0.18043777,0.27580082,0.094983,0.13871035,0.13921331,0.2199663,0.188814,0.24153142,0.21872896,0.27091804,0.27337718,0.33030328,0.34688008,0.36739764,0.32467517,0.3414866,0.3241694,0.3642264,0.33534133,0.36323482,0.28556025,0.3176206,13.732721400385078,4.819071445467917,20.81146695941515,5.01452271076209,23.374379204351648,5.413646722550254,21.864932010218357,3.804432107897573,21.34756894793466,3.387687669432535,36.586010496645706,6.235359277283698,-0.0484595401852004,0.2088760056760452,-0.0187953288184583,0.2238463392397775,-0.0348349476150081,0.278413726037459,0.0173624319967565,0.2837396507841742,0.0268749918893316,0.0847796921016259,-0.0103948348495443,0.0955066035721844,Cow,False,0.701747899985667
esc50,5-133989-A-42.wav,data\processed\esc50_16khz\siren\5-133989-A-42.wav,siren,test,-91.72126,17.913826,45.988533,9.332649,-12.785818,3.5687888,3.3712034,3.7183828,-15.693416,3.3832512,-14.851466,5.265434,-11.282121,6.0126944,4.9391985,5.6954794,7.2575383,4.818683,17.464767,8.272538,10.12169,6.5383325,-0.3547144,9.634903,-12.898737,7.588464,-135.11102,12.305088,26.20974,4.476583,-8.092982,3.7514358,-1.9449325,4.251305,-17.54851,3.588679,-12.573242,5.744995,-3.855641,3.2050178,13.864344,4.3070073,14.190273,3.1724837,26.978504,3.5270789,9.11286,3.9544334,-14.896321,2.7911625,-18.46472,4.359529,-146.40636,8.965753,15.377632,6.4288445,-5.0717916,4.3481555,-10.253184,4.9645047,-19.241205,3.7406583,-19.968319,3.5605326,-3.4503696,3.3661935,19.201406,4.0981236,14.00017,2.138597,26.389145,4.0420704,14.646223,4.099471,-15.417705,2.690267,-20.994133,2.8550434,-0.33432698,1.3742964,-0.2702579,0.87577957,-0.032141503,0.6802405,-0.051998958,0.6462117,-0.0611677,0.61873823,0.051346596,0.6157888,0.108501785,0.55724025,0.161627,0.6317511,0.07158244,0.52444607,0.10176102,0.6709013,0.07250054,0.63061273,-0.15116885,0.53410405,-0.097348824,0.5613073,0.05978701,1.1713,0.07621347,0.63528067,-0.00033785886,0.38851476,-0.0068460954,0.36236033,0.0035037417,0.4299713,0.008173685,0.4234251,0.016492166,0.36860877,-0.010039269,0.44389254,-0.025983319,0.38147578,-0.033451766,0.4535185,-0.03031962,0.4223075,0.021362333,0.29901928,0.027512174,0.36043563,1465.3308132960308,116.17523750880709,1436.3090204752164,87.06705400395192,2595.7404458598726,333.46628054278125,0.0943284733280254,0.0069482703826685,0.15573587,0.011565009,0.033065178,0.10003642,0.05289619,0.105023995,0.038599964,0.1302835,0.044734523,0.13357799,0.11271197,0.24407312,0.3660434,0.31648967,0.875049,0.282604,0.15503095,0.068690084,0.007984272,0.02073843,0.009208233,0.033623565,0.017134208,0.08648896,0.022238912,0.086540624,20.224553253151303,8.08443921845624,11.303963855393157,3.823064990025436,28.070174191934896,5.833428197092254,22.988351038973097,4.444578999509938,28.92647729719417,6.132280880973995,42.28528826301093,3.4244177716049915,0.0249421239712516,0.0462970827984716,-0.3007881643218033,0.1689869261443567,0.0368508811162151,0.0947415336323042,-0.4012661382205977,0.2186168008552452,0.0530238136884819,0.0485112512777077,0.1491772439723812,0.0825155196458712,Dog,False,0.7716494577481571
esc50,5-150409-A-42.wav,data\processed\esc50_16khz\siren\5-150409-A-42.wav,siren,test,-91.77998,8.089931,89.04314,6.2303505,-11.114303,4.7499375,4.5242133,3.0031624,-11.182753,3.4108799,-12.534829,2.708964,-11.81505,2.7418187,8.859315,2.963769,5.2191305,2.8697844,6.612342,3.571661,0.8837873,4.9659414,-4.658025,4.4805503,-7.528648,3.594526,-86.25521,8.116319,82.60499,4.4701867,-12.939894,4.498427,9.318375,2.925711,-4.5667043,3.2678475,-6.907832,2.5524418,-9.92755,2.989149,6.6096244,2.675067,2.6963925,2.6878533,-1.7771448,2.4778695,-13.328968,3.3630273,-10.286342,3.180495,-3.635687,2.6138175,-80.12108,10.275028,71.5211,9.137793,-4.517218,4.9061055,8.4836645,4.453052,-4.1937494,3.035756,-4.5995994,3.006736,-8.872303,5.068961,4.511002,2.471423,-0.63376766,2.5251002,-2.528567,3.4671965,-11.035967,2.4004822,-11.89655,2.4964576,-1.7293794,3.4668105,0.023416689,1.7328504,-0.095924765,1.2294992,0.0038994635,0.6844553,0.087526985,0.50569093,0.103022,0.4465802,0.07629707,0.46258777,-0.0027529115,0.48519164,-0.014946212,0.4006503,-0.052868653,0.36453116,-0.040849566,0.4816305,-0.10828149,0.41552356,-0.07716915,0.38596186,0.02831606,0.46858218,-0.022802783,0.97649705,-0.019516412,0.5921169,0.0046310434,0.37198976,0.006398371,0.34505695,0.0028942716,0.27244464,-0.0050255796,0.33294243,0.027672306,0.40782297,0.026238281,0.3184628,0.0041914163,0.3112087,-0.0007111191,0.35900846,-0.006021121,0.27135667,0.0013335362,0.28238857,0.008034379,0.3047548,1104.267182805302,163.75921634928872,1191.164361503778,198.42032373534775,1948.5469745222929,521.4421701264952,0.0869327229299363,0.0131359795778942,0.19131365,0.04022234,0.027214777,0.0602726,0.030704502,0.066671126,0.04925216,0.087528296,0.116366975,0.19642127,0.15095726,0.27418497,0.1679499,0.3006768,0.16994396,0.27996987,0.37347412,0.26049745,0.811615,0.3408969,0.1943372,0.105660014,0.015523256,0.012926452,0.0183799,0.038790803,17.652562944484345,5.167640367210211,9.369009708312753,2.949572390556427,19.73238135729996,3.5958344916200105,24.50855859888838,3.792049346474591,20.79902611241217,3.280349270833116,35.410484991577256,3.2032092813607385,-0.0731054419054812,0.0722672009219019,-0.0508534642386289,0.0643894564541661,0.0030508294084639,0.0618548306599132,0.1913920591947185,0.0923338620204447,-0.0630961763460415,0.0488141341084747,-0.0270541413586326,0.0255559604467287,car_horn,False,0.9611245308552188
esc50,5-179860-A-43.wav,data\processed\esc50_16khz\car_horn\5-179860-A-43.wav,car_horn,test,-178.24979,65.59459,51.451374,25.890802,-7.27504,5.1605935,12.522685,13.53811,-13.634862,9.550847,9.251643,4.2976665,5.9131417,4.152525,-2.8128333,3.8068337,7.233844,4.979303,1.1897635,2.3518465,-1.6955025,3.1259634,5.466932,3.5034447,-4.78535,4.290124,-446.245,9.1552734e-05,0.0,0.0,0.0,0.0,0.0,0.0,0.0,0.0,0.0,0.0,0.0,0.0,0.0,0.0,0.0,0.0,0.0,0.0,0.0,0.0,0.0,0.0,0.0,0.0,-446.245,9.1552734e-05,0.0,0.0,0.0,0.0,0.0,0.0,0.0,0.0,0.0,0.0,0.0,0.0,0.0,0.0,0.0,0.0,0.0,0.0,0.0,0.0,0.0,0.0,0.0,0.0,-2.2131572,7.1946464,-0.077968,2.5332844,0.10902073,0.5172942,-0.18073474,0.6967373,0.1267819,0.5724017,-0.033145584,0.45897105,0.0345602,0.39019603,0.0367893,0.24240598,-0.1336304,0.3769709,-0.013935103,0.17072612,0.047096156,0.33781266,-0.0663457,0.2502466,0.0029345022,0.43731618,-0.014084354,3.1242464,0.005997937,1.0523412,-0.014074544,0.28769752,-0.013797137,0.2928758,0.012847633,0.23067822,-0.021113403,0.30088925,-0.014034326,0.18313184,0.020224093,0.18349701,0.015529092,0.16421114,-0.0049988455,0.14177734,0.01263435,0.23638014,0.007863786,0.19745448,0.0080224965,0.19705555,571.994554802823,900.2176832049213,500.63970762060296,726.3403393405442,1023.984872611465,1534.4106620740772,0.06531150477707,0.1167609731348344,0.0115136625,0.03023151,0.16703795,0.31781134,0.15138352,0.28653935,0.15294689,0.28342545,0.16527842,0.29890427,0.1831151,0.31048495,0.14748232,0.2615693,0.12674072,0.23484918,0.11848508,0.19357269,0.21979538,0.3536351,0.16555178,0.2610111,0.1937424,0.32019255,0.15515457,0.2839267,15.166646847485918,3.864520947449715,14.832056690998195,3.549544147227772,15.705666334684642,3.0594402941572887,16.323119702300968,1.7816288252120762,17.79510600777469,3.1307083056294696,23.764156166529425,11.031671633030513,0.0037309725848156,0.0542971876799855,0.0289033943925143,0.0658475173445446,-0.0171627288826621,0.091440315348733,0.0372759767713103,0.075698455277079,-0.0006633097333226,0.0343219314815008,0.0118866485942475,0.0326199780457313,Bird,False,0.36142235244940607
esc50,5-179863-A-43.wav,data\processed\esc50_16khz\car_horn\5-179863-A-43.wav,car_horn,test,-147.73706,53.77567,41.55046,43.153797,-1.1823138,7.5145187,21.063477,12.0783615,-18.448307,13.421439,6.5486503,5.9435315,8.990371,5.5730057,-2.1351943,4.085009,0.935375,3.3212922,4.031998,5.953843,0.67514044,4.315379,-0.3451258,3.4454749,-0.98694694,2.501921,-372.38617,105.75991,25.487963,38.439285,-1.8204877,2.9106162,0.04421058,2.0545573,-0.19611791,1.603075,3.0627165,5.069813,0.5200325,1.4630834,0.7609287,1.805915,0.12047739,1.2100575,-0.37084395,0.95862406,-0.5764509,1.6701294,0.20378494,1.1761732,0.06539596,1.356288,-441.35632,6.1035156e-05,0.0,0.0,0.0,0.0,0.0,0.0,0.0,0.0,0.0,0.0,0.0,0.0,0.0,0.0,0.0,0.0,0.0,0.0,0.0,0.0,0.0,0.0,0.0,0.0,-1.0832926,8.912841,-0.7727776,4.9179025,0.043641515,0.6963921,0.07494601,1.40264,-0.10054325,1.5727278,-0.09761601,0.6443967,0.036081865,0.7133931,-0.056502093,0.42704377,-0.0043553147,0.2880419,0.031204827,0.7154979,-0.005569578,0.394557,0.00054372574,0.22972685,-0.0068979347,0.23773694,-0.15352319,3.1838005,0.054015104,1.7759767,-0.006239921,0.2766091,-0.024971321,0.40851742,0.017566845,0.6514343,0.0050098943,0.32011443,-0.015077199,0.28894007,-0.0017110633,0.25103438,-0.0075330106,0.23389421,-0.0022737589,0.3966296,0.011265977,0.32938683,-0.00043011925,0.20467348,-0.002972085,0.19964613,774.5986344025911,1091.6538128737109,624.9501178527258,726.267605492507,1257.8622611464968,1675.9440670145552,0.0802896098726114,0.1304144036095292,0.0228107,0.048908748,0.18432012,0.28885177,0.22218582,0.3519646,0.21610276,0.33647266,0.2034763,0.30398253,0.20468645,0.27759638,0.31978112,0.40206364,0.1627233,0.219626,0.17801051,0.23737054,0.1600669,0.2211453,0.23693702,0.32051402,0.17600267,0.24973404,0.17748179,0.26701337,15.70971545092403,4.205030988796096,14.723474668461147,4.762708643855363,16.28062028389935,4.197548482185735,17.13840044962849,2.530657686169395,20.24696931720664,4.995224761585553,26.558054708052524,11.314465117952905,-0.0005553476825483,0.036776798815278,0.0523647973342269,0.0527821022331402,-0.0807160375280915,0.0799280689774624,0.0356417717886667,0.0540990148135488,0.0063215632558932,0.026010233761183,0.0012978474645887,0.0270339490262004,Cow,False,0.7877015260487751
esc50,5-179865-A-43.wav,data\processed\esc50_16khz\car_horn\5-179865-A-43.wav,car_horn,test,-133.79547,33.195583,46.643223,17.578451,-11.075659,5.867659,11.207386,3.299424,1.5497031,3.2565928,6.128968,5.2071877,2.8181038,3.399895,2.2871885,3.715984,-1.9667072,4.536728,2.3260376,3.3279605,-5.283125,3.7036252,-0.76358134,3.784527,12.03839,6.610817,-307.27957,128.82788,35.72629,34.45403,-2.0343506,2.9902437,7.1031384,7.071777,0.5576513,1.7300777,6.3081875,6.2672176,2.596479,3.0465434,2.5094328,3.3617892,1.8934605,2.5168748,1.6902924,2.2877107,0.14170292,1.628642,1.2993242,2.1648922,1.5125892,2.6582165,-440.56793,6.1035156e-05,0.0,0.0,0.0,0.0,0.0,0.0,0.0,0.0,0.0,0.0,0.0,0.0,0.0,0.0,0.0,0.0,0.0,0.0,0.0,0.0,0.0,0.0,0.0,0.0,-1.5884612,7.8039193,-0.43759727,2.5959384,0.031948738,0.6215731,-0.058906283,0.49749956,0.013649746,0.28468034,-0.07669319,0.64102197,-0.022764644,0.4573648,-0.025968654,0.38413444,-0.03426909,0.35055932,-0.004777058,0.35008195,0.004633457,0.36735684,-0.011553406,0.34936276,-0.024640158,0.5811232,-0.032580968,3.5051093,0.0058376407,1.3462833,-0.0050052707,0.4033612,-0.010902543,0.30104637,-0.0029030698,0.27890557,-0.003787364,0.3974981,-0.0008814994,0.25844592,-0.011946989,0.33029005,0.004942527,0.26803902,-0.0021963129,0.23429903,-0.0036417968,0.26334888,-0.015581813,0.26143017,-0.006191574,0.39052898,764.0905928238549,798.0587903756405,782.9612016495594,777.9099328276211,1488.5549363057326,1536.828707236322,0.061038266321656,0.0731795549116036,0.022442982,0.03158651,0.2524906,0.33218065,0.20124649,0.33874914,0.15849969,0.243239,0.17695132,0.23086382,0.13132164,0.23783988,0.13316266,0.19676632,0.26739705,0.34816977,0.12343848,0.16614145,0.103510864,0.18096018,0.13847478,0.23204987,0.2324142,0.29945567,0.42633232,0.44565913,15.38296892362616,3.27979988798224,13.074813600478468,3.8066484979602335,16.352225177099733,3.7978123054583945,18.45953387796389,5.339677814378432,18.78207383017733,5.056919285131723,26.05389924953976,10.218919451753184,0.0099353589139477,0.0480565943759935,-0.0122884620009316,0.072059325043313,0.0132618103781414,0.1123650527598849,0.0547214223688855,0.0783021679672245,-0.0031960764691104,0.0494664089573454,0.0060024147283784,0.0399711626798922,Cow,False,0.5365509482699249
esc50,5-179866-A-43.wav,data\processed\esc50_16khz\car_horn\5-179866-A-43.wav,car_horn,test,-187.80002,47.540764,68.23206,20.121973,-18.142103,11.5310955,7.807566,5.1691384,5.333437,5.935536,0.84881645,4.8106813,4.0217423,3.085191,8.339149,2.6530914,-0.0333706,4.366544,2.2646673,3.2511744,-2.7628965,5.1985826,-0.027007844,2.5557966,2.3688102,4.3839736,-461.67316,52.540863,4.656228,18.456177,-0.15034506,1.2697403,0.14751357,0.61110204,0.46704644,1.7094207,0.48928148,1.9253507,0.27007216,1.0927024,0.5321982,2.054804,0.19211787,1.029605,0.08071758,0.7437039,0.057801683,0.49081323,-0.03052508,0.4940744,-0.041225396,0.6469446,-474.69745,3.0517578e-05,0.0,0.0,0.0,0.0,0.0,0.0,0.0,0.0,0.0,0.0,0.0,0.0,0.0,0.0,0.0,0.0,0.0,0.0,0.0,0.0,0.0,0.0,0.0,0.0,-1.6540543,7.9259777,-0.48740986,2.7833056,0.10306651,0.6637814,-0.05742021,0.34016532,-0.05720545,0.5689152,-0.03547337,0.4780135,-0.035258397,0.2599248,-0.054955672,0.33496413,-0.02712969,0.37413093,-0.028889274,0.27838004,-0.014274084,0.46355048,-0.0057577295,0.17971788,-0.014299414,0.42367762,-0.32759693,3.4474058,0.09468932,1.2501614,0.061074365,0.3947206,0.037571855,0.35635433,0.041591603,0.36459935,0.030385235,0.23788108,0.019972414,0.18792175,0.0018672062,0.21554947,-0.014580722,0.29837465,-0.0011862159,0.20160265,0.0429515,0.36503989,0.009772715,0.19198303,-0.033338424,0.36564842,475.33879128476025,732.3317353177134,504.0371667432588,693.0468398270373,857.5835987261147,1320.2281014002913,0.0367548268312101,0.0665534633203491,0.008069415,0.0149391405,0.25396642,0.36584786,0.14712584,0.26168433,0.15631548,0.25955358,0.18395098,0.28285736,0.14731023,0.24937111,0.15141216,0.25983748,0.20169118,0.3013465,0.2450148,0.34723526,0.31843296,0.43804455,0.1843219,0.28681457,0.15247126,0.26572055,0.23847514,0.34326988,14.96394058952866,2.515239996409224,13.83356034654091,3.73887023888628,15.24281726803629,2.9506761439830957,16.511538401178637,2.887504682480711,18.61022350626368,4.676414409945727,20.137152500830457,6.708978475024192,-0.0362919982767099,0.058294847906989,0.0228767306517326,0.0473115354027809,-0.0299945677716622,0.0992323088161125,0.028837905449282,0.0887595202845353,-0.0157051405494686,0.0306447846601834,0.0133858027076052,0.0276700347484844,Cow,False,0.34412472830127033
esc50,5-184323-A-42.wav,data\processed\esc50_16khz\siren\5-184323-A-42.wav,siren,test,-177.04582,13.528231,80.15744,7.3896976,-36.36356,4.745249,-12.36727,5.535996,-13.259869,3.9644384,-15.041317,3.1391711,-1.9688137,4.6469893,19.014902,3.5072753,13.736623,3.9926317,4.504267,3.6785157,-10.341096,5.3430467,-11.943371,4.6868296,-8.538861,4.6438427,-196.09927,7.311788,89.44487,4.117051,-17.858326,5.312566,-21.072697,4.1858506,-19.518217,3.6699874,-7.1843896,3.3999074,-1.6723437,3.5900922,12.161981,3.5615914,12.82964,3.6994085,10.55168,3.7762585,1.3702253,3.1775384,-4.035709,3.3193374,-9.700911,5.018913,-189.34395,7.040997,87.13007,6.3259797,-22.736876,5.7964168,-14.203463,5.751983,-13.202076,4.1026616,-15.110512,3.1868882,-6.4221587,3.9310513,15.20559,3.8942022,15.359345,4.050627,6.7214656,5.1453485,-8.240716,6.353456,-11.013045,4.756664,-8.385111,4.428404,-0.120726,1.4527171,0.040725168,0.84552115,0.07757652,0.63372403,0.027992375,0.6669942,0.010004068,0.596686,0.025859736,0.5205033,-0.0073360046,0.70738184,-0.059234448,0.6221662,0.02909932,0.7045716,-0.026456838,0.68305534,-0.023855932,0.83665717,-0.023612387,0.6151097,0.017957674,0.7099758,0.23830155,1.1137496,-0.122776225,0.62748533,0.03523639,0.3980641,-0.041068107,0.4124885,-0.0015991114,0.43418944,0.009440185,0.37599114,0.01771102,0.4092889,-0.039898075,0.41866735,-0.0238441,0.4322934,-0.019379877,0.43085903,-0.012686275,0.47127646,0.036679424,0.40532693,0.0026483203,0.4189076,979.099523441872,101.31571652081988,797.108974177045,152.51595379678255,1166.7993630573249,308.51467790120785,0.0987198945063694,0.0079024662549561,0.12459499,0.06540242,0.021030521,0.08995925,0.0035893081,0.0077170236,0.0032192927,0.008372886,0.025960779,0.076727524,0.1389044,0.29575396,0.24821423,0.3730984,0.2889628,0.37074777,0.4076558,0.37173095,0.533676,0.43644026,0.086461924,0.107582636,0.0026662417,0.0052732117,0.015561949,0.069954604,12.271894780768248,3.1979915133587693,12.382777711841202,4.250830789495811,23.49387327563897,6.614876044122644,29.849074342614163,5.924953062799824,24.4571902586548,5.437230101333952,26.93548257618409,3.145111266296849,-0.135649421495799,0.1851336936183835,-0.0726331976367865,0.2127459962868208,0.0217822594746081,0.2174203377419057,0.1935007479397728,0.3075961232250591,-0.0743502410977005,0.1227847353480773,-0.0415039152933202,0.0927175940071155,car_horn,False,0.6455395436035707
esc50,5-198411-C-20.wav,data\processed\esc50_16khz\crying_baby\5-198411-C-20.wav,crying_baby,test,-184.22214,26.880136,59.77989,15.352423,-0.67245454,13.683352,-2.2875755,10.30835,-5.9346104,7.4253564,-8.517248,10.202875,-24.02408,10.9812,-1.7883403,13.659403,-3.2550254,7.5313363,-2.5453467,8.046703,-1.5145056,11.222991,-0.20090611,7.3601766,2.3044977,8.642548,-162.92076,28.367521,67.68939,10.013682,-0.90244895,10.475353,-9.51861,7.8246784,-15.050945,6.8554444,-14.520357,9.867834,-20.221132,6.360033,2.5560288,9.845468,-4.863245,4.393587,-0.37192312,4.729192,0.8266006,7.021315,-1.0314187,4.509263,0.68806964,5.586807,-183.62512,34.255287,61.055546,13.821048,15.535602,14.232666,-4.7297096,10.734719,-18.265438,6.2602425,-8.172972,9.7083025,-21.677069,5.1430545,-7.345076,4.6233234,-5.7528462,5.877154,9.225506,6.583783,-2.9891346,6.7033386,1.6028885,3.8007917,8.772518,4.1431866,-0.019937357,6.019428,0.17223321,2.7588627,-0.17351331,3.109515,-0.1773828,2.4102955,-0.122809395,1.4165226,0.1367729,1.8135234,0.01473709,1.5794635,-0.08730745,2.1070633,0.026409155,1.2115332,0.2238157,1.4295611,-0.011347985,1.6523027,0.09283564,1.120918,-0.0062193414,1.4051434,0.30537295,3.6782432,0.11469072,1.553744,-0.10406691,1.3481457,-0.12057483,1.1935089,-0.09280571,0.83399206,-0.002266973,0.8156566,-0.021237345,0.72034985,0.015125665,0.8892132,0.012533516,0.7023497,0.08066859,0.83612925,-0.021789122,0.8553525,-0.0016354725,0.55132985,-0.047293443,0.7735507,1259.4814300671069,373.9290274397153,1473.6259079568265,375.2441602928451,2398.7858280254777,1386.5498935469918,0.0783489251592356,0.0191667294561774,0.07002395,0.049927033,0.13929555,0.2146799,0.14725123,0.23042218,0.14901145,0.2387956,0.25937623,0.37235078,0.18894814,0.27188113,0.19193695,0.2821338,0.2587906,0.33235136,0.30572304,0.3212422,0.37573048,0.3524423,0.3920632,0.39457047,0.24208088,0.27258655,0.22764136,0.3541924,11.906496124866528,3.607883436716429,15.143967267967458,5.484633770930306,21.14934992979072,6.380862089713975,20.436219178026864,5.413556348803033,20.34369179992653,4.756303079663172,32.69419465488258,3.1033834340023114,0.0406613149269835,0.1456282394907342,-0.0203793113952884,0.0765492942930277,-0.045458202502412,0.2220831192646213,0.0300964451911051,0.1361521465672365,0.0048794574869955,0.0586987862534204,0.0298801116626057,0.0770137566006732,Dog,False,0.9872723569001548
esc50,5-198411-G-20.wav,data\processed\esc50_16khz\crying_baby\5-198411-G-20.wav,crying_baby,test,-178.40668,45.54123,37.466793,7.9876637,-3.3886898,17.769602,-2.4277332,11.800102,-13.516692,9.530004,-4.314909,6.2332635,-6.2659755,11.374752,9.494506,10.793537,-2.0873666,10.693174,13.81517,7.7721477,2.918045,11.315862,14.011939,11.993355,13.116292,8.011479,-150.47624,33.250896,47.143066,11.790881,1.5613147,11.227302,-5.664022,7.026542,-29.646442,9.185821,5.1062846,10.36645,-19.928244,6.1875153,6.440083,8.097118,-8.228138,9.3648815,17.599052,9.053001,-4.2712965,8.735159,-2.3285766,4.2632527,-4.5566754,7.6084476,-248.04074,40.62137,49.127014,8.736831,10.322939,7.464748,9.222628,8.079438,0.2842699,11.358395,3.6571045,7.0344434,-3.738144,10.86369,5.1844487,5.1610804,1.9550695,4.154848,9.968799,7.1407566,6.6018596,8.206283,6.7719364,7.784496,5.808172,3.498983,-0.8698812,8.318747,-0.03825807,1.7164555,0.22363706,2.117527,0.27106923,1.8001755,0.015089801,1.6153762,0.11544654,1.5393966,0.062327635,1.8511931,-0.043789707,1.490701,0.11234771,1.5220473,0.04716556,1.3605759,0.05309359,2.045047,-0.052376047,1.5976154,-0.1080107,1.1929702,0.14397065,3.8919683,-0.03717771,1.2277519,0.0035872792,1.1400244,-0.016321361,1.0334005,-0.037459128,0.80161405,-0.0449731,0.80427,-0.027576014,0.98545206,-0.030180039,0.893731,0.058606796,0.84271955,0.025327045,0.8570677,-0.09599123,0.9809386,-0.01452493,0.80164903,0.03164374,0.5958999,1680.4322203105548,405.15182764604594,1807.35009338282,243.57488377580236,3827.9259554140126,1077.7203259226071,0.1038888335987261,0.046042602459286,0.05128561,0.058481034,0.30763552,0.34922093,0.33505177,0.36885566,0.3529519,0.33836788,0.40595895,0.36736593,0.33792362,0.32405856,0.33157727,0.35544047,0.37774953,0.3763591,0.37712783,0.35681134,0.39793533,0.35985684,0.3630131,0.36399007,0.31886423,0.3490903,0.3338521,0.38257,12.80809589470117,3.4416779304018683,11.584205804910118,5.275128077589503,19.125561529882063,6.6937108539578585,21.0582902335965,7.225082673819601,18.843153295122967,4.693371330482364,35.39507978865022,7.5445991537115615,-0.0378640651915214,0.1165639515966456,0.021600574868194,0.1318631294903298,0.0314104227574573,0.1409985456185423,-0.003763757118137,0.1409081177308025,-0.0015218187521708,0.0571453327156969,0.0184315627301408,0.0661626597620834,Dog,False,0.9151369499798684
